stops_id,tempo libero,"dormire, mangiare e altra cura della persona",istruzione e formazione,lavoro retribuito
934,12,2,0,4
901,2,2,0,0
989,26,14,0,4
896,5,3,0,1
945,1,3,0,0
917,0,1,0,1
939,3,16,0,6
996,20,21,0,6
987,67,46,0,11
930,127,28,0,8
968,75,35,2,12
985,137,77,3,50
981,234,111,1,31
967,306,174,2,32
960,266,183,1,37
909,349,82,1,30
929,31,20,0,11
918,113,124,0,4
943,176,68,0,19
941,121,71,2,2
928,156,104,1,8
912,100,61,1,6
898,49,42,0,9
951,54,32,0,6
921,37,15,0,4
893,21,12,0,8
903,31,18,0,4
902,122,59,0,13
904,38,22,0,3
971,2,0,1,0
972,24,13,0,3
970,19,4,0,6
978,1,0,0,2
965,36,19,0,10
973,58,30,0,6
897,30,18,0,7
946,78,56,0,6
926,84,31,1,10
940,140,78,1,6
982,91,74,1,14
975,137,111,4,22
953,40,67,1,17
956,163,119,2,19
931,175,151,2,17
944,134,94,1,10
984,169,82,3,44
910,102,52,4,45
911,121,74,5,28
919,108,150,2,13
913,6,9,0,2
958,7,6,0,7
999,11,5,0,2
892,5,5,0,1
979,3,3,0,0
974,84,24,0,12
895,5,1,0,1
977,19,6,0,1
986,4,3,0,0
894,1,0,0,0
952,9,2,0,0
980,0,1,0,0
954,0,0,0,0
906,3,3,0,1
907,2,2,0,0
905,13,3,1,3
938,2,14,0,6
923,11,11,0,3
889,31,18,0,1
961,112,70,1,11
955,125,92,3,11
976,36,23,0,5
932,61,42,1,4
948,66,109,0,21
890,63,52,0,16
936,45,33,0,7
947,40,19,0,2
983,48,25,1,1
992,15,12,0,5
925,11,13,0,5
991,6,2,0,0
994,4,8,0,3
995,0,7,0,4
891,83,48,0,12
963,46,42,0,6
957,21,16,0,2
993,16,19,0,0
920,5,3,0,2
949,7,5,0,1
990,9,1,0,0
915,0,1,0,5
927,34,16,0,4
908,2,3,0,0
914,11,24,0,3
922,9,6,0,1
966,40,26,0,2
988,38,25,1,1
942,23,21,1,4
924,50,63,1,1
964,74,53,2,5
935,220,128,4,30
959,282,182,3,34
933,222,74,1,21
899,71,50,0,25
916,79,96,1,18
900,29,26,2,10
937,34,36,0,13
962,50,15,1,4
998,17,20,0,1
997,18,11,2,3
969,10,6,1,0
17775,22,9,0,3
10684,29,17,0,2
10687,41,18,0,4
10691,51,21,0,4
10696,32,19,0,4
10972,13,13,0,3
10989,14,20,0,2
10018,46,35,0,4
10940,32,17,0,3
10938,21,11,0,1
10936,10,9,0,3
10669,7,13,0,6
17532,5,19,0,4
17533,3,16,0,6
13213,3,1,0,0
13214,3,1,0,0
13215,2,0,0,0
17434,2,1,0,0
17435,2,2,0,0
15201,3,3,0,0
15202,3,1,0,0
15198,1,3,1,0
15199,1,4,1,0
13539,8,6,1,1
13540,8,6,0,1
15196,8,6,0,1
13542,5,6,0,0
13543,0,3,0,1
13544,0,0,0,1
13525,1,0,0,2
17853,88,64,1,5
11612,53,61,2,12
11613,61,73,1,14
11616,63,60,0,16
11650,34,36,0,13
11647,22,22,0,12
11645,25,13,0,7
16838,51,16,0,4
11370,33,13,1,1
11366,14,9,1,0
11365,11,9,1,0
11363,19,22,0,1
11376,26,23,1,2
11373,35,27,1,2
11375,32,16,1,2
16058,15,2,1,0
11382,14,4,1,0
11394,11,1,0,0
11395,8,1,0,0
11393,12,6,1,0
11391,11,6,1,0
11390,13,6,1,0
16875,103,81,4,17
11930,81,58,2,7
13562,41,22,1,1
13563,37,22,1,2
13564,30,39,0,6
13565,34,29,0,10
13566,12,14,0,5
13567,33,18,0,0
15824,27,14,0,0
13568,34,15,0,0
13549,3,1,3,2
13550,9,4,1,5
13551,24,9,0,1
13638,4,2,0,0
13639,2,3,0,0
13640,4,4,0,0
13656,16,12,0,1
13643,19,11,0,1
13644,5,7,0,1
13645,6,1,0,1
13646,4,0,0,1
13647,0,0,0,0
13962,2,0,0,0
16051,2,0,0,0
16044,5,0,0,0
16045,5,0,0,0
16048,25,4,0,2
13666,20,5,0,1
16049,17,5,0,0
13668,14,5,0,0
13669,21,6,2,3
13670,46,17,0,8
13671,77,30,0,9
15877,18,9,0,1
15878,25,15,0,2
15879,35,18,0,2
15893,34,19,0,2
15880,24,12,0,1
15881,11,9,1,1
15882,8,2,2,2
15883,3,1,3,2
15884,4,1,1,0
15894,17,6,0,0
14884,5,2,0,5
12311,11,13,0,5
12302,21,18,0,5
17157,17,19,0,5
17158,15,12,0,5
11986,34,18,1,2
17303,36,17,1,2
12280,14,17,0,5
12016,3,2,0,0
12017,1,1,0,0
12018,5,3,0,0
11728,12,5,0,1
11723,26,15,0,5
11714,44,22,0,10
11745,31,18,0,13
11747,6,2,1,9
12029,11,9,0,2
12036,13,21,1,1
12043,37,21,1,2
12357,16,12,0,1
12359,2,6,0,1
12362,2,1,0,1
13533,2,3,1,0
13538,2,5,1,0
15624,33,35,0,3
12119,24,25,0,3
12116,32,29,0,1
12084,31,20,0,2
12366,48,31,0,4
12370,45,30,0,3
12386,12,7,0,1
12389,0,0,0,0
12628,20,6,0,5
12633,19,7,0,5
12632,17,8,0,3
12631,15,7,0,3
12630,2,0,0,1
12629,4,0,0,1
12612,3,3,0,1
12617,3,7,0,1
12618,13,10,0,1
12817,10,10,0,1
12819,11,6,0,1
12824,3,1,0,0
12907,0,3,0,0
12914,0,3,0,0
12916,2,5,0,0
12919,2,5,0,0
12920,2,4,0,0
17749,2,4,0,3
17750,2,4,0,3
17751,2,0,0,0
14323,0,2,0,0
14856,0,2,0,0
13735,3,3,0,2
13736,13,2,0,0
13737,12,1,0,0
16987,9,0,0,0
13738,18,3,0,0
13739,18,8,0,2
13733,15,6,0,2
16988,15,6,0,3
13158,27,28,1,2
13159,22,33,0,4
13160,10,22,0,6
13161,9,19,1,1
13162,8,5,0,3
15376,9,25,1,7
11167,29,67,0,6
11160,31,52,0,4
11148,17,9,0,1
11147,7,9,0,2
10817,16,18,0,5
10841,22,27,2,5
15638,46,39,1,6
10832,77,51,2,6
10827,83,51,1,5
10859,53,38,1,3
10595,20,13,0,2
10596,30,14,0,4
10586,23,15,0,3
10625,16,14,0,5
10627,15,18,0,1
15632,15,17,0,1
10525,13,16,0,4
10653,2,13,0,5
11497,292,159,1,31
11502,289,176,3,35
14187,266,141,3,27
11484,179,114,5,17
11477,143,104,4,10
11225,98,67,3,8
11194,148,148,6,10
11176,139,96,5,29
11171,103,84,4,18
10855,50,56,2,10
10848,44,40,1,9
10824,70,49,1,6
10820,68,42,1,8
10560,50,34,0,5
10556,46,23,0,7
10548,40,25,0,6
10540,39,22,0,3
10341,16,13,0,0
10336,4,7,0,0
10205,8,5,0,1
10200,7,4,0,1
12984,10,9,0,1
13281,8,2,0,0
13284,9,2,0,0
13283,11,5,0,0
13285,8,10,0,0
13286,4,8,0,1
13149,25,13,0,4
13296,55,21,0,7
13752,54,22,0,6
17689,56,23,0,8
13289,46,22,1,8
13290,27,10,0,3
13291,1,0,0,0
13292,0,0,0,0
13293,3,4,0,1
13294,8,8,0,3
13295,11,1,0,6
10214,8,4,0,5
19825,9,1,0,0
15852,2,0,0,0
15939,2,0,0,0
13963,2,1,0,0
13964,15,12,0,2
15853,30,15,0,2
13626,8,7,0,1
13627,20,10,0,1
13657,17,14,0,1
15910,1,2,2,1
15900,8,2,2,2
13683,10,2,2,3
15122,6,6,2,3
15957,39,18,2,2
14029,34,17,2,2
14030,39,18,1,1
14031,60,28,0,0
14032,58,24,0,1
13524,75,36,0,2
13600,43,26,0,3
13932,73,30,0,9
13933,64,22,0,6
13934,46,15,0,4
13853,17,8,0,3
13935,0,3,0,0
13936,1,1,0,0
13937,5,0,0,0
13938,2,0,0,0
13939,2,0,0,0
13940,15,11,1,1
13941,52,21,2,6
13942,28,14,0,2
14999,16,8,0,0
17004,7,1,2,0
14551,2,1,1,0
13880,1,0,0,0
17926,1,0,0,0
13327,0,1,0,0
17722,0,2,0,9
13328,1,3,0,9
13329,5,5,2,7
13330,5,3,2,0
13331,4,2,2,0
10188,4,1,0,3
10041,1,1,0,0
10038,1,0,0,0
10036,0,0,0,0
10043,0,0,0,0
15157,0,0,0,0
10185,1,2,0,0
10183,2,2,0,0
10180,1,0,0,0
10174,1,0,0,0
10071,0,0,0,0
10074,1,1,0,0
10076,2,4,0,0
18457,1,4,0,0
10254,2,2,0,1
17531,3,3,0,1
16999,6,2,0,0
10261,5,3,1,1
10389,3,3,2,0
10393,3,3,1,0
10404,4,5,0,0
10416,17,13,0,1
10424,30,20,0,1
10614,23,17,0,0
10623,24,14,0,3
10592,31,29,0,4
10585,44,41,0,6
15426,32,28,1,6
15427,37,34,1,7
12285,26,39,1,7
12004,14,13,0,5
12006,10,5,0,2
12002,1,0,0,0
12001,0,0,0,0
11998,7,0,0,0
11994,11,2,0,1
11687,6,3,0,1
17334,7,1,0,0
17335,6,2,0,0
11689,7,7,0,1
11693,5,6,0,0
11692,4,6,0,0
11698,4,5,0,0
11695,0,0,0,0
11677,8,1,0,0
11381,20,5,1,0
16792,27,15,2,4
13137,10,3,3,1
11049,10,3,3,0
11054,11,3,2,0
11052,8,2,1,0
11053,8,6,1,0
13312,9,6,1,0
11387,2,5,0,0
17437,2,3,0,0
17438,2,5,0,0
17440,6,5,1,0
17439,2,5,0,0
10323,3,3,0,0
10471,1,1,1,5
10473,2,2,3,5
17171,2,7,1,2
10481,10,10,0,5
10725,9,6,0,7
10703,15,12,2,12
10701,20,13,3,16
14904,15,12,2,4
10716,14,8,0,3
10721,25,14,0,2
10723,33,12,0,3
11013,34,14,0,3
11015,20,11,0,0
10992,7,7,0,0
11003,11,15,0,2
11006,26,40,0,5
11009,58,66,1,5
11320,51,51,2,3
11322,25,18,0,5
17614,64,51,2,1
11574,121,99,2,9
11572,113,94,2,7
11532,77,75,0,9
11541,130,90,1,10
11547,230,129,2,28
11500,279,173,3,31
11515,226,146,3,31
11794,223,142,1,37
11798,204,93,1,23
11816,96,60,2,17
11823,53,45,1,7
12094,48,66,1,6
12099,55,56,0,6
12108,35,40,0,4
14872,20,21,0,2
14873,32,22,0,2
14874,43,26,0,3
14869,33,21,0,2
17585,101,72,2,2
12484,53,49,0,3
12483,34,36,0,3
12481,36,39,0,3
12487,84,36,1,9
12495,113,44,1,12
12506,105,72,2,11
12706,71,55,1,8
12713,69,54,2,6
12716,27,30,1,3
12719,24,25,0,0
19615,6,2,0,0
19613,2,2,0,3
19616,2,3,0,0
12691,3,4,0,0
12855,3,4,0,0
12856,3,4,0,0
13383,12,2,0,0
13385,0,0,0,0
13386,0,0,0,0
13387,0,1,0,0
17281,13,2,0,0
13388,4,1,0,1
13389,9,8,0,0
13390,7,1,0,0
13391,0,0,0,0
13441,0,0,1,0
13442,0,0,1,0
13443,5,1,1,0
13376,5,1,1,0
15468,1,0,0,0
13392,1,0,0,0
14174,1,0,0,0
14175,1,0,0,0
14176,0,0,0,0
14177,2,0,1,0
14178,3,0,1,1
14179,1,0,1,0
13396,1,0,1,0
13397,1,0,1,0
13398,1,0,0,0
16292,2,0,0,1
16751,6,11,0,0
18558,6,11,0,0
16753,5,8,0,0
16756,0,0,0,0
14881,2,0,0,0
14882,2,0,1,0
14883,2,0,1,0
15974,0,0,0,0
15975,0,0,0,0
15972,1,0,0,0
10306,3,2,0,5
10309,3,2,0,3
10301,3,2,0,4
17723,2,0,0,0
17724,2,0,0,0
13135,3,2,0,0
13136,2,3,0,0
15615,3,2,0,0
16665,8,2,0,3
16932,12,8,0,2
11132,11,5,0,2
11401,10,4,0,3
11402,7,2,0,1
11413,17,3,0,2
11415,10,2,0,1
11418,14,4,0,1
11433,11,4,0,3
11435,6,3,0,3
17561,10,9,0,9
17564,11,13,0,5
17566,13,20,0,3
17741,37,24,1,1
12039,18,20,1,2
12038,14,21,1,3
12034,21,23,1,2
12032,23,22,1,5
12048,40,35,1,1
12045,48,54,0,1
11781,49,55,1,1
11778,49,63,1,1
17710,48,62,3,4
11763,57,53,2,4
11790,92,76,1,10
11795,136,94,1,20
11807,154,82,1,23
11817,79,43,2,10
11822,52,53,1,7
11828,53,63,0,5
11821,33,50,1,2
11774,31,53,2,2
11770,36,45,2,4
11764,58,54,2,5
17711,44,57,3,4
17712,43,65,1,1
11776,50,62,1,1
10654,2,14,0,2
10662,2,8,0,1
10679,20,7,0,1
11037,2,2,0,1
11040,2,2,0,0
11027,3,5,1,1
11360,5,7,0,5
11359,15,5,0,11
11358,26,11,0,14
11034,29,21,0,20
11029,15,17,0,10
11019,20,24,0,27
11017,32,24,0,30
11023,22,29,0,16
11026,45,34,0,14
11336,30,17,0,12
11343,63,21,0,7
11344,69,21,0,7
11349,71,24,0,4
11347,71,24,0,4
11355,67,25,0,4
11354,60,25,0,3
11351,22,15,0,7
15436,35,39,0,16
17359,49,37,0,9
17343,64,40,0,11
12385,8,6,0,1
12384,16,9,0,1
12374,31,19,0,3
13172,26,21,0,5
12074,28,29,0,8
12071,23,32,0,6
12067,24,39,0,6
12059,33,39,0,3
12051,31,50,0,2
11826,32,50,0,1
11520,109,76,1,15
11511,224,129,4,30
11503,279,177,3,34
11491,290,176,1,31
11494,300,162,1,32
11483,226,100,6,27
18519,150,91,4,52
11217,71,44,2,32
11210,104,33,0,17
10891,129,34,0,15
10874,116,34,0,11
10905,79,61,0,9
10635,46,43,0,6
10634,36,39,0,6
10630,21,20,0,6
10621,15,15,0,1
10618,19,15,0,2
17360,15,5,1,3
17466,4,0,1,1
17467,2,2,1,0
17468,3,1,1,0
17469,3,1,0,0
12031,23,22,1,4
12033,18,23,1,2
12037,15,21,1,3
12040,36,27,1,1
17951,37,18,1,2
12347,40,26,0,2
12349,26,22,0,2
12333,17,16,0,1
12331,10,6,0,1
12327,3,3,0,0
12329,2,3,0,0
12339,0,0,0,0
12326,0,0,0,0
12594,3,2,0,0
12592,2,1,0,0
12322,2,1,0,0
15641,0,0,0,0
15642,0,0,0,1
15639,0,1,0,1
15581,3,5,0,0
15429,12,7,0,1
15397,10,2,0,1
15395,7,1,0,1
15393,4,0,0,0
15391,6,0,0,0
15389,10,3,0,2
15387,10,4,0,3
15385,33,36,0,13
15533,36,36,0,12
10631,28,21,0,4
10615,23,16,0,0
10605,27,19,0,1
10418,22,16,0,1
10408,12,11,0,1
10380,3,4,0,1
10377,3,4,0,2
10381,4,3,0,2
17620,2,2,0,0
10235,8,6,0,1
10215,7,7,0,2
15771,9,1,0,0
10208,9,2,0,0
10218,15,7,0,0
10068,18,10,0,1
10065,9,6,0,1
10062,8,6,0,0
14815,12,13,0,1
10160,10,11,0,1
10137,2,2,0,0
10132,7,4,0,0
12942,8,5,0,0
10029,7,4,0,0
10027,2,3,0,0
13116,1,2,0,0
11621,1,2,0,0
10024,0,0,0,0
10022,0,0,0,0
15558,0,0,0,0
19175,0,0,0,0
10734,3,1,1,0
10733,3,1,1,0
10731,4,2,1,0
10745,8,3,1,0
16717,12,3,2,0
16718,11,4,0,0
10494,7,0,1,2
10484,10,2,0,1
10483,8,2,0,1
10728,9,5,0,7
10706,12,12,2,12
10709,23,15,3,7
10715,28,21,1,5
10719,38,25,0,4
10993,56,44,0,5
10958,85,75,1,9
10963,116,85,3,11
11286,102,79,3,13
11293,72,101,3,15
11299,68,97,3,10
11304,59,77,3,5
11307,51,50,3,4
11564,83,69,1,6
11534,68,70,0,7
17392,164,105,1,17
17393,255,123,1,33
17394,241,122,1,28
11885,101,88,4,17
11889,136,107,5,22
11893,145,105,2,18
12187,184,80,0,18
12194,116,77,0,15
12147,38,52,1,5
12143,29,26,0,1
12109,29,37,0,3
12098,58,53,0,6
12095,53,64,1,6
17588,49,63,1,2
11767,25,57,2,3
11471,15,45,2,7
11460,25,36,0,8
11452,56,58,2,7
17559,85,125,2,5
11199,88,147,2,6
11182,129,168,5,13
11193,151,161,6,10
11184,133,88,4,26
17038,43,20,0,14
11242,94,32,0,14
16895,131,79,3,49
11277,125,73,3,37
16954,0,0,0,0
16955,0,0,0,0
16956,0,0,0,0
14939,0,0,0,0
16957,0,0,0,0
16958,0,0,0,0
16959,0,0,0,0
16960,0,0,0,0
14942,0,0,0,0
13615,0,0,0,0
13617,0,0,0,0
17752,1,0,0,0
14944,3,4,0,0
14945,3,0,0,0
14947,19,8,0,2
14948,82,33,0,7
14949,76,29,0,9
14950,47,20,0,8
13348,71,23,0,7
13104,94,19,0,5
13105,72,16,0,4
13106,41,9,0,3
13107,6,3,0,1
16795,3,6,0,0
13672,31,10,0,9
13673,16,6,2,8
13674,14,4,0,0
16050,17,5,0,0
13676,23,6,2,1
16047,37,6,0,4
16046,5,0,0,0
16043,5,0,0,0
16052,2,0,0,0
14006,2,0,0,0
16042,0,0,0,0
13624,4,0,0,1
13625,6,1,0,1
13630,4,4,0,0
13631,2,2,0,0
13658,3,2,0,0
14600,3,0,0,3
13554,9,4,2,4
13555,4,2,3,2
17403,6,2,0,0
14870,44,25,0,3
12124,28,27,0,1
14871,19,16,0,2
12111,29,36,0,3
11820,47,45,1,8
11810,132,69,2,20
11797,224,103,1,26
11793,222,137,1,34
11514,241,153,3,32
11548,229,134,2,27
11542,124,85,1,9
11533,85,76,1,8
11570,106,94,1,8
11573,126,104,2,8
11575,116,95,0,9
17613,64,50,2,2
11323,23,18,0,5
11321,45,44,2,4
11317,52,57,0,5
11010,29,41,0,5
11002,11,13,0,2
10995,8,7,0,0
11016,13,8,0,0
11014,41,13,0,3
10720,34,13,0,3
10722,25,13,0,2
10717,13,8,0,3
10713,13,9,2,4
14905,22,13,3,17
14972,15,11,2,12
10727,9,6,0,8
10480,5,7,1,2
10474,2,3,3,5
10472,1,1,1,5
14970,3,3,0,0
13332,5,3,2,3
13333,5,5,2,4
13334,1,3,0,7
18141,0,2,0,9
13335,0,1,0,0
13324,4,7,0,3
13325,4,7,0,2
13326,4,7,0,2
13338,1,0,0,0
13339,0,3,0,0
13340,0,2,0,0
13341,0,3,0,0
15652,4,5,0,0
12921,0,0,0,0
12854,0,0,0,0
12852,0,0,0,0
18119,8,4,0,3
12647,7,7,0,1
12405,20,23,0,0
12400,17,20,0,0
12391,20,16,0,2
12127,13,14,0,3
12125,20,17,0,3
17854,139,72,2,18
18155,307,121,1,33
17769,225,137,1,33
17855,205,128,3,29
16929,259,157,3,32
16656,0,0,0,0
16330,6,2,0,0
16654,7,3,0,0
16652,9,4,0,0
16650,1,0,0,0
16648,0,0,0,0
16646,1,1,0,0
16644,2,1,0,0
16641,3,3,0,0
16640,4,1,0,0
16638,3,3,0,0
16636,4,2,0,0
16041,2,1,0,4
15086,1,4,0,2
11701,0,0,0,0
12011,0,0,0,0
12012,0,0,0,0
11702,0,0,0,0
19727,0,1,0,0
13421,3,3,1,0
15240,3,3,1,0
16084,10,10,0,1
12818,10,8,0,1
12813,10,10,0,1
16079,13,10,0,1
16080,13,23,0,5
16081,17,31,0,4
16083,23,29,0,4
16078,18,24,0,3
13634,35,17,0,2
13636,75,33,0,2
13637,56,22,0,1
15919,11,10,1,1
14601,10,11,0,0
14602,4,5,0,0
14604,9,3,1,0
14605,24,4,1,4
14896,21,4,0,4
15061,2,3,0,0
12010,7,4,0,0
12317,8,5,0,1
12305,7,5,0,2
12303,7,10,0,2
12008,4,8,0,1
15414,7,1,0,1
11965,6,1,0,1
11971,6,2,0,1
11983,10,4,0,2
11981,25,10,0,2
11976,35,17,1,1
11969,35,17,0,2
11954,35,15,0,1
11951,48,21,0,3
11955,40,16,0,2
11960,45,20,0,3
11927,10,8,0,3
11941,30,27,0,6
11937,32,33,0,6
11929,81,52,2,7
11921,100,76,4,15
13778,19,24,0,3
10966,25,18,0,5
10690,45,22,0,4
10677,19,19,1,10
10674,14,16,1,9
10465,13,11,0,6
10461,13,12,0,7
10443,9,8,0,1
10442,4,3,0,0
10438,9,5,0,1
10291,5,3,0,1
10285,0,1,0,0
10283,12,7,0,2
10280,11,6,0,1
10277,14,7,0,2
10294,23,12,0,4
10117,11,5,0,1
10108,5,3,0,1
10105,1,2,0,0
10102,0,2,0,0
10191,0,0,0,1
10100,1,0,0,2
10189,8,2,0,3
15920,84,32,0,9
15129,48,24,0,3
15130,29,23,0,4
15921,24,12,2,4
15922,11,3,1,0
16810,15,6,0,0
16811,8,5,1,0
11091,1,2,0,0
11093,1,2,0,0
11095,1,2,0,1
11078,18,2,0,1
11081,20,2,0,0
11105,3,0,0,0
11108,3,1,0,0
11110,5,1,0,0
11111,12,4,0,2
11131,10,3,0,2
11136,9,11,0,2
11137,11,16,0,1
11139,16,18,0,2
11163,27,32,0,4
11165,28,64,0,8
11419,42,88,1,9
11441,53,113,2,8
11443,75,115,3,5
11448,77,102,2,5
15077,141,103,1,5
11481,167,111,4,10
11486,177,112,5,16
14188,261,138,3,27
11504,285,180,3,35
10692,30,12,0,4
10964,16,18,0,5
10976,14,14,0,2
10990,7,10,0,0
11331,19,13,0,4
11341,17,12,0,2
11345,11,9,0,2
11608,27,30,0,14
11620,63,59,0,13
11636,68,63,0,10
11896,49,35,0,15
11907,24,33,1,12
11917,32,31,2,10
11928,83,63,1,10
12177,127,106,1,11
12185,84,75,1,14
12193,142,82,1,9
12210,131,75,1,5
12226,78,68,1,2
12476,37,37,0,2
12478,59,40,0,4
12430,46,33,1,4
12464,48,39,0,3
12424,56,44,0,3
12420,47,38,0,3
12395,41,23,0,4
12393,18,14,0,2
15524,30,23,0,2
12379,33,21,0,2
12378,40,25,0,3
12375,39,28,0,4
12363,27,20,0,5
12079,21,20,0,4
12068,24,22,1,7
13156,27,23,1,6
13157,25,23,1,5
19174,0,0,0,0
19176,0,0,0,0
15559,0,0,0,0
10023,0,0,0,0
12934,1,2,0,0
10028,2,2,0,0
10128,8,5,0,0
10130,8,5,0,0
10134,7,3,0,0
10138,2,2,0,0
10163,10,12,0,1
10057,12,13,0,0
10061,8,6,0,0
10066,8,8,0,1
10067,18,10,0,1
10219,14,6,0,0
10209,11,2,0,0
10210,9,1,0,0
10212,8,4,0,3
10236,8,6,0,1
10371,2,5,0,1
10382,5,4,0,2
10376,3,4,0,2
17922,3,4,0,1
10403,9,9,0,1
12938,307,169,2,32
11490,291,172,1,32
14087,54,22,0,8
14088,86,17,0,4
14089,45,11,0,1
14090,7,2,0,0
18028,40,12,0,2
14093,52,13,0,3
14094,32,10,0,2
14095,0,0,0,0
14096,4,1,0,0
17421,34,16,0,0
17670,36,19,1,17
15936,42,25,2,21
17127,119,62,1,9
12588,123,61,0,14
12589,121,60,0,11
18009,252,114,1,30
17799,159,83,1,22
12085,55,61,0,5
12096,48,63,0,3
12100,28,41,0,3
12072,32,40,0,4
12075,35,34,0,4
12083,33,28,0,2
12368,42,28,0,4
12373,13,10,0,3
12355,35,22,0,2
12353,37,22,0,1
15295,27,23,0,2
11697,0,0,0,0
11389,20,8,1,0
11383,14,5,1,0
11372,31,15,1,2
11374,34,25,1,2
11377,32,24,1,2
17952,22,20,1,2
17978,16,19,0,1
18129,12,7,1,0
18130,35,13,1,1
11368,50,16,1,4
16837,53,17,0,5
17954,17,11,0,7
11648,22,23,0,12
11649,32,37,0,14
11618,60,58,0,15
11614,61,75,1,16
11609,48,54,2,8
11587,64,55,2,6
11577,94,70,1,9
14013,37,19,0,2
14035,37,18,0,3
14036,39,15,0,1
14037,36,15,1,2
14038,56,25,0,1
14039,56,25,0,0
14040,28,17,1,1
13968,33,17,2,2
13969,61,30,3,4
14099,65,36,2,4
13971,125,62,0,9
13972,118,53,0,15
13973,126,63,1,9
13974,82,43,1,7
13975,46,21,1,4
13976,33,16,0,6
13849,19,11,0,3
13850,30,11,0,5
17130,34,12,0,5
13851,44,12,0,6
14107,4,3,0,0
17669,2,4,0,0
14048,3,2,0,0
13907,1,1,0,0
17410,1,3,0,0
17411,1,1,0,0
14016,1,0,0,0
15188,0,0,0,0
14028,0,0,0,0
12978,45,33,0,20
11335,43,28,0,14
11334,21,14,0,4
11339,15,12,0,2
11325,12,8,0,2
11617,61,58,0,16
11177,108,153,3,13
11174,46,98,1,10
10856,26,41,0,11
10850,18,26,0,8
10845,23,26,2,5
19842,32,43,1,11
10537,17,16,0,11
10530,24,15,1,5
10523,39,19,1,6
17923,27,13,2,3
10519,31,13,2,3
17502,43,31,0,3
12441,40,44,0,2
12447,30,36,0,1
12458,27,29,0,2
12674,18,9,0,5
14286,1,4,0,0
12687,1,4,0,0
12858,1,3,0,0
12860,0,0,0,0
18093,2,1,0,0
18094,3,1,0,0
17900,2,1,0,0
13342,0,5,0,0
17219,1,2,0,0
17856,8,0,0,0
13401,22,5,0,0
13402,15,6,0,0
13403,15,6,0,0
18049,0,1,0,0
13404,0,1,0,1
13405,0,1,0,1
13406,0,8,0,5
13407,0,7,0,6
13408,0,8,0,6
13409,0,9,0,6
16732,0,7,0,6
17416,10,2,0,1
13977,10,1,0,2
13978,6,0,0,1
13979,10,2,0,1
14041,18,10,0,1
14042,13,7,0,0
14043,6,2,0,0
14044,7,1,0,0
14045,6,2,0,0
14046,5,5,0,0
15042,2,5,0,0
15043,10,2,0,1
17104,27,8,0,5
17134,70,27,0,12
15525,115,55,0,16
13995,102,44,0,17
15027,125,49,0,16
14113,114,58,0,9
14117,79,44,1,6
15005,61,36,3,4
14118,18,9,3,3
14119,5,2,3,1
14120,10,8,1,0
13603,32,15,0,0
14191,31,14,0,0
17143,25,13,0,0
17123,8,4,0,2
14338,2,4,0,0
14365,1,3,0,1
14366,8,4,1,3
14367,77,26,2,10
14355,64,23,1,9
14356,10,6,0,0
14357,7,3,0,0
14358,10,2,0,0
14359,22,6,0,2
14360,17,6,0,1
14361,7,4,0,3
14362,7,10,0,2
15585,9,8,0,2
10203,10,4,0,4
13264,10,1,0,0
14111,97,48,0,12
15219,100,44,0,9
13854,2,1,0,0
13855,0,0,0,0
13856,0,0,0,0
17339,6,2,0,0
13859,11,3,0,1
13860,8,3,0,1
13861,9,4,0,0
13862,9,4,0,0
13863,8,4,0,0
13864,2,3,0,0
13865,4,2,0,0
15243,4,0,0,1
13867,4,0,0,1
13868,4,0,0,4
13869,36,15,1,8
13902,58,20,2,7
14153,13,10,1,1
14154,28,13,1,3
15244,29,12,1,3
17172,21,7,1,2
17107,17,4,0,2
16635,4,2,0,0
16637,3,3,0,0
16639,4,1,0,0
16642,3,3,0,0
16643,2,1,0,0
16645,0,0,0,0
16647,0,0,0,0
16649,1,0,0,0
16651,9,4,0,0
16653,8,3,0,0
16655,6,1,0,0
16332,0,0,0,0
15441,49,63,1,1
15297,43,60,0,2
12046,50,51,0,1
12049,38,42,0,4
12055,32,29,0,5
12058,32,34,0,3
12063,25,38,0,5
12104,37,41,0,6
12112,29,36,0,3
12113,32,32,0,3
12149,30,25,0,2
12151,31,30,1,3
12167,38,29,1,5
17255,56,43,1,2
12414,51,41,1,1
12479,64,38,0,4
12480,44,38,0,4
12482,38,36,0,3
12477,63,53,1,7
12511,100,75,1,8
12520,75,54,1,7
12528,36,41,0,1
12533,29,30,0,1
17820,75,53,1,6
12724,6,10,0,0
12690,5,6,0,0
12694,3,4,0,0
12857,4,4,0,0
12865,1,0,0,1
12867,0,0,0,1
13211,3,1,0,0
13212,3,1,0,0
13216,1,0,0,0
13217,1,1,0,1
16001,12,8,0,1
16852,14,12,0,2
16853,12,9,0,1
16854,6,3,0,1
13223,7,6,0,1
13224,1,2,0,0
13225,2,3,0,0
13226,3,5,0,0
16507,3,4,0,0
14983,3,4,0,0
14984,12,9,0,1
17986,3,3,0,1
16855,1,1,0,0
14985,0,0,0,0
14986,0,0,0,0
15031,21,4,0,0
14988,2,3,0,0
11181,141,162,5,14
17793,1,0,0,1
13526,0,0,0,1
13527,0,3,0,0
13528,7,7,0,1
15191,8,7,0,1
13530,8,6,0,1
13531,8,6,1,1
13532,1,4,1,0
13534,2,2,1,0
13535,2,0,0,0
12870,4,0,0,0
12747,20,10,0,4
12736,25,17,0,6
12732,32,18,0,7
13536,32,18,0,7
10524,38,19,1,6
10529,16,12,1,5
10536,16,25,1,12
10830,34,40,3,11
10844,18,33,2,5
10857,22,36,0,11
11173,54,110,1,10
11178,123,157,3,14
11200,110,76,4,9
11234,113,86,3,8
11482,160,114,4,10
11588,62,55,2,7
11610,35,33,0,14
11326,13,8,0,2
11338,12,11,0,2
11333,23,15,0,4
11329,42,24,0,13
10644,2,14,0,4
10650,12,18,0,5
10622,15,17,0,1
10626,15,17,0,1
10624,16,14,0,5
10628,22,14,0,4
10583,25,17,0,3
10589,20,13,0,3
10594,21,15,1,2
10597,53,37,1,3
10823,88,53,2,9
10826,69,47,1,6
15637,44,40,1,6
10840,24,27,2,3
10814,16,20,2,5
11146,6,9,0,2
11149,19,12,0,1
11157,31,56,0,4
11166,26,65,0,7
15375,9,17,1,7
13168,7,5,0,3
13169,9,19,2,1
13170,8,23,0,6
13171,20,33,0,4
13164,27,26,1,2
12335,3,3,0,0
12337,7,5,0,0
12338,16,14,0,0
12350,32,24,0,2
12351,34,22,0,1
12354,27,20,0,2
12372,30,19,0,4
12376,33,25,0,2
12377,39,23,0,3
12381,31,21,0,2
15523,30,23,0,2
12394,20,16,0,3
12398,30,29,0,3
12403,22,27,0,1
12406,27,38,0,1
12449,39,47,0,1
12451,47,47,0,0
12453,71,21,1,12
12497,99,25,2,13
12503,69,38,2,10
12702,64,45,1,6
16723,64,50,1,7
15004,204,96,2,29
11524,216,95,2,28
17233,124,77,3,48
17755,66,39,2,21
19617,68,35,2,12
11209,100,31,1,17
10895,100,32,0,16
10887,43,19,0,12
10878,44,20,1,5
10865,46,33,0,2
10599,31,28,1,2
10829,83,49,1,6
10822,62,32,1,5
10558,41,19,0,4
18074,46,22,0,6
10542,40,24,0,5
10369,25,20,0,2
17661,15,12,0,1
10356,3,7,1,0
17798,6,7,1,0
10350,7,10,1,1
10324,8,7,0,1
10202,13,5,0,4
10195,9,9,0,3
10197,9,8,0,2
16833,2,3,0,0
11516,272,186,3,37
11801,269,105,1,30
11809,320,81,1,26
11813,235,72,1,22
19903,112,56,2,17
11853,29,30,2,8
12128,32,34,1,5
12137,34,35,0,2
12142,30,31,0,2
18504,24,19,0,1
19812,38,29,0,2
12457,26,18,0,2
12668,17,11,0,2
12680,3,3,0,3
12683,1,4,0,0
15582,3,4,0,0
12695,3,4,0,0
15274,4,6,0,0
14862,11,12,0,0
12725,23,21,0,1
12721,25,25,1,3
12723,37,29,1,4
12715,53,49,1,3
12710,64,49,1,7
16587,26,7,0,0
16588,27,7,0,0
14062,27,9,0,0
16589,4,1,0,0
14593,3,4,1,0
15904,23,14,1,4
14082,37,23,1,10
14607,28,9,1,9
14608,19,4,0,7
14609,17,5,0,2
14858,11,3,3,0
11371,6,2,1,1
15905,11,5,1,0
16797,8,5,1,0
16856,6,4,0,1
16857,15,10,0,1
13229,12,13,0,2
16858,10,12,0,1
13232,1,1,0,1
13233,1,0,0,0
13234,2,0,0,0
13235,3,1,0,0
12868,0,0,0,1
12866,1,0,0,1
15155,3,4,0,0
12812,3,3,0,0
15311,5,4,0,0
15959,1,1,0,0
12909,0,0,0,0
18133,0,1,0,0
12913,0,3,0,0
12906,0,3,0,0
17697,3,1,0,0
19710,13,8,0,1
12827,13,10,0,1
12615,6,7,0,0
12611,2,1,0,1
12608,1,0,0,0
12621,1,0,0,0
12987,3,2,0,1
12625,4,2,0,0
12661,25,13,0,5
12664,22,13,0,6
12645,6,5,0,1
12836,4,1,0,5
12848,9,8,0,2
18113,12,9,0,4
18475,20,7,0,4
18476,10,4,0,3
18114,8,7,0,1
18115,6,9,0,0
12649,13,13,0,1
12672,31,17,0,2
12696,51,20,1,6
12697,61,34,1,7
12712,66,52,1,7
17961,69,53,2,6
12899,1,0,0,2
12893,3,1,0,2
12885,4,2,0,2
12883,18,7,0,8
12874,40,20,0,12
12783,38,20,0,12
12778,54,26,0,9
12777,74,34,0,8
12769,95,38,0,15
12788,67,26,0,17
12553,53,16,0,14
12550,34,11,1,9
12548,38,15,1,8
12568,41,21,1,7
12557,60,34,1,6
12554,54,33,0,5
14860,75,52,0,8
15835,19,19,1,1
15930,31,20,1,2
11275,160,75,3,35
11274,159,82,3,51
18827,154,87,4,54
18127,121,60,2,46
11221,114,59,4,31
11235,120,96,3,9
11475,140,104,1,5
11449,121,91,1,5
11468,63,37,2,18
11472,98,50,3,21
11808,197,89,1,23
11812,205,73,1,17
11815,197,57,1,21
11846,226,48,0,21
11839,203,52,0,23
11841,56,50,0,22
11562,79,71,0,25
19661,153,122,2,16
11593,192,167,2,17
11581,143,125,0,9
15241,132,131,0,9
12979,13,10,0,1
12620,12,10,0,1
12820,13,6,0,1
12822,3,1,0,0
12838,7,3,0,2
12832,6,3,0,3
12644,8,5,0,3
12642,17,10,0,4
19734,24,10,0,5
12650,11,4,0,1
15602,7,5,0,3
19381,4,6,0,0
18534,3,4,0,0
16735,1,0,0,0
16092,48,46,1,5
12714,42,34,1,5
12735,28,19,0,6
12734,39,24,0,7
12758,71,32,0,7
12766,74,30,0,9
12773,77,31,0,7
12789,75,29,0,17
12790,51,19,0,15
16850,63,26,0,12
12793,54,21,0,17
15306,51,21,0,16
15821,51,20,0,15
12982,41,17,0,14
12983,37,15,0,11
12886,16,6,0,5
12891,7,3,0,2
12904,3,1,0,0
12901,11,7,0,1
12805,17,10,0,2
13889,22,11,0,2
15041,5,3,0,0
17860,19,8,0,3
13847,21,9,0,4
15040,32,16,0,6
17682,5,1,0,2
17683,13,4,0,1
17684,9,7,0,0
17685,6,1,0,1
17686,4,1,0,0
17687,10,2,0,1
13273,23,13,1,6
14853,44,23,1,9
17688,55,25,0,8
13112,13,7,0,0
17693,9,1,0,0
19868,1,0,0,0
19869,4,3,0,1
19870,4,5,0,1
19871,5,5,0,1
17656,4,0,0,1
16456,12,8,0,4
16457,19,11,0,5
16458,9,0,0,0
16459,14,2,0,1
16460,9,1,0,0
16461,5,1,1,0
16462,5,1,1,0
10021,0,0,0,0
17772,51,14,0,0
10025,0,0,0,0
17451,6,2,1,1
16430,1,0,1,0
16431,28,6,0,3
17453,49,18,0,11
16452,12,4,0,0
17444,10,6,0,1
16919,112,82,1,9
11531,89,70,1,7
11543,89,92,1,8
11565,84,68,2,5
11310,48,45,2,3
11303,60,71,3,4
11298,65,104,3,12
11295,69,97,3,15
11288,84,82,3,15
11285,98,66,3,12
10962,125,87,1,11
10954,82,74,0,8
10956,60,48,0,5
10980,13,17,0,3
10970,12,12,0,4
10695,44,20,0,4
10718,36,25,0,3
10711,25,13,2,7
10710,22,15,3,7
10704,12,10,2,11
10726,9,5,0,4
10729,9,2,0,1
10485,10,2,0,1
10493,7,0,1,2
16713,11,3,0,1
16714,14,3,0,1
10744,8,3,1,0
10730,5,2,1,0
10732,4,1,1,0
11979,44,22,1,2
11973,43,24,1,1
11958,40,18,0,2
11950,46,21,0,3
11947,47,22,0,5
11944,51,36,0,8
11639,70,68,0,17
11631,77,109,0,24
12941,76,111,0,24
15762,5,6,0,0
15763,7,3,0,2
15764,13,4,0,2
15765,21,5,0,3
15766,3,2,0,2
16184,4,1,0,2
16185,12,3,0,1
16186,1,1,0,0
16187,7,2,0,5
16188,8,4,3,12
16189,7,3,4,13
16190,2,3,4,14
16191,4,2,1,3
16192,11,13,2,4
16193,18,16,2,4
16194,2,3,0,0
16195,5,7,0,3
16196,10,11,0,2
13263,12,11,0,0
14240,11,11,0,0
12808,10,12,0,0
14969,11,12,0,0
12809,2,3,0,0
16162,2,3,0,0
10199,6,4,0,1
10204,8,5,0,2
10335,5,11,0,0
10342,13,13,0,0
10539,42,26,0,5
10547,45,24,0,8
10561,51,34,1,6
10564,66,39,1,8
10825,72,51,1,6
10846,46,39,1,8
10854,57,60,2,9
11172,110,89,4,21
11175,148,101,4,28
11187,159,149,6,19
11008,65,69,0,6
11001,49,58,0,5
10988,25,24,0,3
10965,14,17,0,5
10688,41,18,0,4
14998,45,22,0,4
10678,18,17,1,10
10697,17,16,1,15
10466,14,15,0,12
10462,12,9,0,9
10453,9,7,0,5
10448,6,3,0,5
10314,3,2,0,5
10308,3,2,0,2
10305,3,2,0,4
11788,254,141,1,33
11510,217,131,4,30
11519,98,63,1,13
11754,56,51,2,5
11759,47,58,2,5
11757,27,60,3,3
11766,16,44,2,2
11737,10,26,0,6
11741,10,11,0,9
19724,40,22,0,14
11715,43,21,0,11
11713,30,15,0,8
11721,16,10,0,3
15099,12,8,0,3
15085,8,7,0,4
15082,1,4,0,2
16450,0,1,0,1
10445,2,3,0,1
16471,9,9,0,8
16473,4,5,0,0
16474,4,8,0,0
16475,7,5,0,0
16476,10,4,0,0
16477,1,3,0,0
16478,7,9,0,0
16479,1,3,0,0
16453,12,4,0,1
16454,12,8,0,1
16455,10,9,0,2
17899,46,18,0,12
16481,41,10,0,6
16482,27,7,0,4
16483,1,0,1,0
16485,4,2,0,1
16486,28,7,0,3
16487,10,2,0,0
16488,11,3,0,0
16489,8,4,1,0
16490,4,2,1,0
16491,2,2,0,0
16492,14,7,0,0
16493,9,5,1,0
16418,1,4,0,0
11033,34,26,0,20
11018,21,28,0,21
17701,21,14,0,4
17702,15,11,0,2
16939,12,8,0,2
12197,144,82,1,6
17386,100,84,1,7
17387,63,63,1,7
17388,37,47,1,5
17389,26,28,1,4
17390,24,21,1,1
17391,25,23,0,2
12114,30,32,0,1
12078,35,42,0,4
12066,23,32,0,6
13803,22,27,0,3
13804,25,35,0,3
13805,26,26,1,2
10303,3,1,0,3
10322,1,0,0,0
17492,0,0,0,0
17493,0,0,0,0
10315,0,0,0,0
10127,0,0,0,0
10126,0,0,0,0
16094,1,1,0,1
11666,5,0,0,0
11670,4,0,0,0
15413,5,1,0,0
15071,7,1,0,1
11691,9,2,0,1
15464,12,6,0,1
15415,3,5,0,0
13098,7,4,0,0
13099,34,8,0,3
13100,73,16,0,4
15428,81,22,0,3
13345,70,20,0,4
13346,44,18,0,4
13775,8,0,0,0
16801,21,12,0,4
13350,18,10,0,4
13351,2,3,0,0
16802,2,3,0,0
11055,1,2,0,0
16803,8,5,1,0
16814,3,6,0,0
16815,6,3,0,1
14132,2,0,0,1
16816,12,3,0,2
13353,28,8,0,2
15463,41,17,0,6
13358,0,9,0,6
13359,0,7,0,6
13360,0,7,0,2
13361,0,1,0,1
13362,0,1,0,0
13363,9,3,0,0
13364,15,6,0,0
18135,24,5,0,0
17858,8,0,0,0
13384,2,0,0,0
13367,1,0,0,0
13368,1,0,1,0
13369,1,0,1,0
13370,1,0,0,0
13371,1,0,0,0
13372,1,0,0,0
13373,1,0,0,0
15469,1,0,0,0
13374,5,1,1,0
13425,5,1,1,0
13426,0,0,1,0
13427,0,0,0,0
13432,0,0,0,0
16032,0,0,0,0
17491,0,0,0,0
17293,0,0,0,0
13187,2,0,0,0
13188,2,0,0,0
13189,2,0,0,1
13190,3,2,0,2
13191,7,5,0,1
13192,9,5,0,0
13193,10,5,0,0
13194,10,1,0,1
13195,6,1,0,0
13196,9,3,0,0
13197,6,2,0,1
16980,2,2,0,1
10327,2,2,0,1
10330,3,5,0,0
10339,7,6,0,0
13198,32,18,3,3
11195,158,114,7,19
16724,66,52,1,7
12701,67,51,0,7
15823,63,54,0,6
12492,56,45,0,6
12485,38,40,0,3
12468,68,60,1,4
16057,116,74,1,2
12220,111,84,1,6
12207,131,88,1,12
12191,169,84,0,17
12186,172,65,0,19
12179,188,81,2,20
12173,170,105,2,17
15635,133,107,4,23
16851,101,89,4,17
16463,4,0,2,1
16464,4,1,2,1
16465,5,0,2,1
16499,5,0,0,1
16500,3,1,0,1
16501,1,0,0,0
16502,3,1,0,0
16503,5,5,0,0
16504,0,0,0,0
16505,4,3,0,1
16506,10,8,0,1
16014,4,0,0,0
12728,21,14,0,4
12510,86,61,0,10
12228,114,75,1,2
16509,84,67,1,2
17161,34,17,1,2
15404,44,24,1,2
15747,40,23,1,2
15748,31,18,1,2
15749,7,8,1,3
12287,6,8,2,1
12292,6,5,1,2
12293,10,15,1,2
12296,11,9,0,4
12555,36,16,0,6
12562,35,15,0,7
12566,37,14,0,3
12569,16,7,0,6
12571,14,4,0,3
12787,11,3,0,4
16786,0,1,0,0
17162,0,1,0,1
17164,3,2,0,2
17166,10,8,0,4
17319,19,8,0,2
13981,22,11,0,2
13982,29,16,0,5
12801,46,19,0,15
12879,47,18,0,14
13983,4,2,0,2
12892,3,1,0,2
12898,1,0,0,2
16767,1,0,0,2
15465,6,0,0,0
15466,11,2,0,3
12742,22,18,1,6
12749,19,10,0,5
12745,19,11,0,4
12739,27,15,0,5
12539,41,37,0,7
12531,34,42,0,2
12525,53,47,0,6
12472,89,71,1,8
12211,129,76,1,5
12212,132,69,1,5
15490,48,23,0,10
15258,50,23,0,15
12795,67,30,0,17
12775,74,35,0,11
12767,105,44,0,17
12761,106,47,0,16
12757,84,37,0,7
12549,53,23,1,6
12748,26,20,1,4
12527,38,32,2,1
12524,66,52,1,6
12513,128,88,1,9
12257,126,81,2,3
12200,134,72,1,6
17960,64,31,1,6
12465,33,17,1,4
12463,31,21,0,2
12669,24,16,0,2
12410,23,30,0,2
12409,16,22,0,0
12408,16,21,0,0
12646,9,7,0,1
12658,23,10,0,5
12657,17,11,0,5
12847,9,8,0,2
12833,3,2,0,5
12830,6,5,0,5
12665,10,7,0,2
12660,25,13,0,5
12627,21,6,0,5
12626,14,5,0,3
12623,4,2,0,0
12622,1,0,0,0
12609,1,0,0,0
12610,2,1,0,1
12614,7,8,0,1
12905,0,3,0,0
12912,0,3,0,0
12910,0,1,0,0
15309,0,1,0,0
15967,1,1,0,0
15310,4,4,1,0
18465,71,56,0,12
13097,57,39,0,7
11643,49,35,0,9
11661,31,20,0,4
11657,25,15,0,3
11659,11,3,0,1
11997,9,1,0,1
11999,6,0,0,0
12000,1,0,0,1
12003,7,1,0,1
12009,4,8,0,1
12304,7,10,0,2
12309,8,5,0,3
16778,8,5,0,5
12945,10,12,0,5
12946,11,14,0,5
15928,11,15,0,5
12947,9,16,0,4
12948,2,6,0,5
12586,30,18,0,3
12585,28,17,0,6
12581,22,13,0,8
12563,39,16,0,8
12786,25,8,0,9
12785,43,16,0,14
12762,89,35,0,19
12768,96,40,0,15
12765,94,40,0,13
12949,82,36,0,10
13774,0,7,0,6
13740,15,6,0,2
16834,7,3,0,2
13741,10,3,0,3
13742,27,9,0,4
13743,25,10,0,3
13744,17,6,0,3
14492,4,0,0,0
16743,5,0,0,0
16439,13,8,0,1
16440,13,6,0,1
16495,12,4,0,0
17449,49,18,0,11
17448,6,2,1,1
16428,5,1,1,0
16429,4,1,1,0
16494,10,1,0,0
16434,13,2,0,1
16435,9,0,0,0
16436,19,11,0,5
16437,14,9,0,1
17655,4,0,0,1
13465,23,5,0,0
17857,17,6,0,0
13466,15,6,0,0
13493,9,3,0,0
13494,4,2,0,0
13487,3,2,0,0
19912,7,4,1,1
16799,15,9,1,1
19630,3,3,2,3
19892,5,4,1,4
19802,2,1,2,0
19633,3,5,0,1
18154,10,1,1,0
19488,11,2,1,0
18151,9,2,0,1
18149,2,1,0,5
17982,0,0,0,0
18148,2,3,0,0
17935,2,0,0,0
18145,2,0,0,0
17931,3,2,0,0
18143,2,3,0,0
10192,3,0,0,3
10469,12,11,1,12
10699,17,12,2,14
10975,24,14,0,0
10969,28,17,0,3
10945,51,40,0,3
10953,84,66,0,8
10960,116,79,1,12
17550,107,65,1,11
17552,61,32,0,5
10947,46,25,0,3
10932,20,12,0,0
11253,20,9,1,1
11256,50,31,2,9
11263,92,62,3,42
11231,150,90,3,53
11241,187,89,6,45
11485,230,103,5,28
11492,311,165,2,32
12090,63,64,1,6
12092,53,44,2,3
12129,32,36,1,4
12133,56,56,0,6
12139,39,56,0,2
12145,34,41,1,4
12163,35,50,1,6
12415,49,41,1,1
12429,43,33,1,4
12435,77,30,1,8
12489,87,31,2,10
12494,96,24,2,13
12505,64,38,2,9
12703,64,45,1,7
12709,63,51,1,7
12707,71,55,1,8
16841,5,5,1,0
16804,2,3,0,0
16805,7,4,0,2
16807,10,5,0,1
16808,31,11,0,5
15416,3,5,0,0
11694,11,6,0,1
11690,10,3,0,1
15777,6,1,0,0
15839,6,1,0,0
11673,6,1,0,0
15837,5,0,0,0
11663,6,1,0,0
15384,33,32,0,13
15386,10,4,0,3
15388,11,3,0,1
15390,6,0,0,0
15392,4,0,0,0
15394,7,1,0,1
15396,9,2,0,1
15398,12,7,0,1
15646,2,0,0,3
15874,1,1,0,1
15647,33,13,0,6
15648,40,15,0,10
15294,20,12,0,7
15292,30,26,0,2
15290,31,28,1,4
15288,38,37,1,8
12281,17,21,0,7
13769,7,5,0,3
15527,4,3,0,0
15603,4,6,0,0
11125,7,8,0,0
11126,7,7,0,0
15457,17,11,0,1
15458,27,17,0,2
11154,26,15,0,3
11155,25,21,0,3
17375,39,75,2,9
11457,20,28,1,7
11459,23,36,0,8
11466,21,37,2,7
10397,3,5,1,0
10265,3,3,1,0
16847,5,3,1,0
16996,3,2,0,1
16997,6,2,0,0
17530,3,3,0,1
10267,2,2,0,1
10266,2,2,0,1
10084,1,5,0,0
10073,1,0,0,0
10072,0,0,0,0
10175,1,0,0,0
10173,1,0,0,0
10177,1,1,0,0
10211,9,1,0,0
10229,6,6,0,0
15051,5,6,0,0
15052,4,4,0,0
15053,1,1,0,0
10245,2,1,0,0
18509,3,1,0,0
10078,2,1,0,0
10081,3,4,0,0
10083,2,4,0,0
10242,1,4,0,0
18512,4,2,0,0
10246,3,1,0,0
10250,6,3,1,1
10257,6,3,1,1
17540,2,2,0,1
17541,0,2,0,0
17542,0,0,0,0
17543,0,1,0,0
10275,0,3,0,0
10431,3,4,0,0
10433,3,3,0,1
10435,1,1,0,1
10636,0,1,0,0
10646,0,5,0,2
10658,3,16,0,5
10664,6,20,0,4
10666,7,16,0,6
10672,9,13,0,3
10937,23,16,0,1
10942,31,18,0,3
10943,48,36,0,3
10996,54,50,0,5
11005,38,58,0,4
11319,22,26,0,3
11012,12,7,0,2
17545,9,2,0,1
17546,5,3,0,1
11007,7,4,0,1
16521,3,4,0,0
16580,9,12,0,0
16581,9,9,1,0
16582,9,7,0,0
16583,2,0,0,0
16584,6,0,0,0
16585,21,9,0,2
17425,22,11,0,2
16534,13,7,0,2
16535,0,2,0,0
16536,1,1,1,0
16537,7,0,2,1
16538,7,0,2,1
16539,0,0,0,0
16540,1,0,0,0
16541,1,0,0,0
16542,2,0,0,0
16543,1,0,0,0
16544,1,1,0,0
16545,1,1,0,0
16546,16,6,0,1
16547,25,12,0,1
11090,1,2,0,0
11084,1,2,0,0
11086,1,2,0,0
11071,3,3,0,0
11074,18,3,0,0
11076,19,3,0,0
11075,4,4,0,0
12971,4,3,0,0
11070,2,2,0,0
10749,1,1,0,0
18092,1,1,0,0
11099,1,2,0,0
11102,4,9,0,0
11103,4,9,0,0
11122,9,8,0,0
11129,14,8,0,1
11134,12,9,0,2
15286,22,26,0,7
15287,38,37,1,8
15289,32,28,1,6
15291,30,25,0,2
15293,23,12,0,7
15649,40,16,0,8
15650,32,13,0,5
15873,2,3,0,1
11640,70,71,0,16
11897,62,44,0,18
11635,71,58,0,10
14922,72,20,0,4
14923,47,20,0,8
14924,80,30,0,9
14925,81,32,0,7
14926,17,7,0,2
14928,3,0,0,0
14929,3,4,0,0
14930,1,0,0,0
14931,0,0,0,0
14932,0,0,0,0
14933,0,0,0,0
14934,0,0,0,0
16951,0,0,0,0
16952,0,0,0,0
16953,0,0,0,0
14936,0,0,0,0
14937,0,0,0,0
15487,14,3,0,5
15147,54,16,0,24
15148,87,23,0,31
15149,83,20,0,15
15677,21,8,0,3
10003,2,1,0,1
16968,2,1,2,1
16969,2,1,0,1
10008,2,1,0,1
17098,4,1,0,1
17169,7,1,0,0
17099,4,5,1,0
17100,10,4,2,1
16793,14,11,1,3
15278,0,0,0,0
15279,2,0,0,0
15280,2,0,0,0
15281,3,0,0,0
11939,34,31,0,5
11942,27,24,0,6
11962,19,13,0,5
11959,44,20,0,3
11957,36,17,0,2
11952,49,23,0,3
11953,30,16,0,1
11970,36,18,0,2
11975,36,18,1,2
11980,28,11,0,2
11982,7,3,0,2
11967,6,2,0,1
12318,7,5,0,1
15060,7,4,0,0
13797,0,0,0,0
13798,0,0,0,0
13799,0,0,0,0
13800,0,0,0,0
14954,0,0,0,0
14912,0,0,0,0
14913,0,0,0,0
14914,0,0,0,0
14915,4,2,0,0
14916,4,2,0,1
14917,0,1,0,0
14918,7,2,0,0
14919,27,8,0,0
14920,14,5,0,0
14921,12,3,0,1
18124,2,4,1,0
10115,24,13,0,4
10097,7,2,0,0
10096,1,2,0,0
10094,2,2,0,0
10090,2,2,0,0
10092,2,2,0,0
10075,1,2,0,0
10378,3,4,0,1
10358,7,4,0,1
10360,11,5,0,0
13155,10,8,0,2
10196,9,9,0,2
11923,98,75,4,13
15529,93,100,3,22
11879,73,88,3,20
12991,63,79,2,18
11863,41,58,0,12
17436,40,54,0,11
11882,61,74,0,6
18120,114,117,0,5
11855,72,64,0,6
12130,30,33,1,4
12093,52,43,2,4
12091,60,63,2,6
12088,57,62,0,5
11825,27,49,1,1
11782,42,58,1,0
11773,49,62,1,2
11772,36,62,3,3
11753,15,49,4,2
11192,140,156,6,9
10439,12,6,0,1
10310,13,5,0,3
10300,7,3,0,3
10298,15,7,0,3
10295,15,8,0,3
10123,22,12,0,4
10119,7,4,0,1
10120,3,3,0,0
10112,3,4,0,0
10107,3,3,0,0
10125,1,0,0,0
15488,3,11,0,1
17602,7,8,0,2
10818,20,21,0,5
10812,35,30,2,3
10810,48,37,2,12
10535,38,14,0,13
10533,34,17,1,7
10796,80,34,0,13
10798,86,35,0,14
10760,61,30,0,12
10505,47,18,0,8
10501,24,9,0,2
10521,11,4,4,1
10511,15,6,4,1
10514,21,7,4,1
10515,23,8,4,1
10517,26,10,2,3
10338,14,7,0,0
10329,3,4,0,0
13176,2,2,0,0
17463,4,3,0,1
16313,2,3,0,1
16314,11,7,0,2
17465,12,1,0,1
14909,3,3,0,0
10708,30,23,3,14
10682,29,25,1,10
10686,42,25,0,6
10689,43,20,0,4
10694,18,17,0,5
10978,26,23,0,4
11281,101,63,2,13
11283,81,70,2,14
11287,44,72,0,14
11262,32,61,1,11
11258,27,46,1,8
11252,20,10,1,4
11270,139,80,3,49
11522,202,99,3,35
11536,248,119,1,33
11546,230,127,2,30
11509,275,177,1,29
11557,240,162,0,27
11560,237,94,1,21
11830,216,55,1,23
11840,158,51,0,26
11838,65,51,0,24
11876,41,56,0,11
11886,117,132,1,8
11892,150,154,2,15
12172,160,108,2,19
12175,136,86,2,16
12183,92,67,1,16
12242,87,65,0,7
12245,93,81,0,5
12247,115,80,1,6
12253,126,83,2,3
12254,103,64,1,3
11580,150,123,0,9
11592,168,146,2,17
11551,205,172,4,15
11556,128,80,3,18
11833,102,59,0,26
11834,166,51,0,25
11844,265,49,1,18
11845,205,48,0,20
11814,208,64,1,21
11811,210,77,1,21
11799,203,92,1,23
11796,131,85,1,21
11792,116,84,1,17
11786,93,75,1,11
11473,101,51,3,21
11467,62,36,2,18
11450,127,91,1,7
11476,146,104,1,5
17770,120,68,6,35
18128,122,60,3,45
14192,154,83,4,51
11232,155,86,4,54
11273,170,84,3,50
10213,6,4,0,5
15259,12,4,0,4
13140,9,9,0,3
13141,7,10,0,2
14324,8,3,0,3
15743,23,7,0,2
14325,11,2,0,0
14326,7,3,0,0
14327,12,9,0,1
14328,47,18,0,7
14332,64,23,1,9
14333,35,16,0,7
18013,38,17,0,3
18014,4,10,0,1
14340,2,0,0,0
14341,2,0,0,2
14342,13,1,0,1
14343,14,7,2,3
14344,15,8,3,3
15401,32,30,0,6
17611,70,54,0,8
11916,87,77,4,16
11859,57,59,0,9
17582,177,144,1,16
17326,153,119,2,17
17668,65,58,2,8
17612,63,47,1,3
11297,78,68,3,10
11290,102,83,3,13
11284,101,70,3,12
11249,44,25,1,3
11245,93,31,0,13
10899,108,32,0,17
10896,105,30,0,16
10890,39,21,0,16
11204,68,38,1,18
11212,142,100,4,28
11179,136,165,5,14
11191,103,162,3,6
11198,88,149,2,7
17553,79,128,2,5
16548,0,1,0,0
16549,0,1,0,0
16550,1,1,0,0
16551,1,0,0,0
16552,2,0,0,0
16553,1,0,0,0
16554,1,0,0,0
16555,1,0,0,0
16556,0,0,0,0
16557,7,0,2,1
16558,7,0,2,1
16559,2,1,2,0
16560,0,2,0,0
16561,13,6,0,2
16562,21,10,0,3
16565,25,14,0,2
16564,27,12,0,2
16573,24,9,0,2
16575,6,0,0,0
16576,1,0,0,0
16577,9,7,0,0
16844,11,12,0,0
16445,10,10,0,0
16446,4,4,0,0
16447,4,4,0,0
16976,22,5,0,0
16977,12,3,0,2
16113,1,1,0,2
16110,6,3,0,1
19798,0,0,0,0
19865,2,0,0,1
19866,0,0,0,1
19867,0,1,0,0
16100,5,3,0,0
16098,5,3,0,0
16096,7,2,0,1
15860,30,15,0,2
15865,28,15,0,1
11470,12,40,2,1
17376,47,85,2,9
11170,46,89,1,7
11161,36,75,0,6
11159,32,54,0,4
11158,39,32,0,3
11153,26,14,0,3
11121,9,8,0,3
11127,7,7,0,0
11120,4,7,0,0
17720,4,6,0,0
12360,2,6,0,2
12348,38,19,0,4
12041,37,27,1,1
12035,14,20,1,2
12030,12,9,1,7
11748,7,3,1,7
11746,33,18,0,14
12986,13,7,0,3
11727,12,6,0,0
11730,8,5,0,0
12015,3,5,0,0
12930,3,1,0,0
12862,2,1,0,0
12861,0,0,0,0
12859,1,3,0,0
12688,1,4,0,0
12679,1,4,0,3
12675,19,8,0,5
12459,29,28,0,2
19780,36,41,0,2
12436,41,47,0,2
12433,48,38,0,3
13175,32,18,2,3
16979,5,3,0,1
13177,6,3,0,0
13178,8,1,0,0
13179,8,1,0,0
13180,11,4,0,0
13181,14,6,0,0
13182,7,5,0,2
13183,4,2,0,2
13184,2,0,0,1
13185,2,0,0,0
13186,2,0,0,0
16266,2,3,0,0
14205,15,16,0,2
16265,23,20,0,5
16267,48,25,1,17
16268,43,18,0,17
16160,39,17,0,14
16158,7,3,4,1
16153,9,4,1,0
16151,24,17,1,1
16150,27,16,1,1
18467,34,20,1,2
16269,21,13,1,4
16270,26,13,1,4
16271,21,12,0,3
16272,5,5,0,0
16273,4,5,0,0
16274,5,5,0,0
15214,121,60,1,9
18485,71,38,2,22
17671,34,19,1,17
14121,4,1,0,0
14122,0,0,0,0
17595,11,4,0,0
16842,3,2,0,0
16817,69,15,0,5
16818,16,3,0,2
16819,2,0,0,1
16820,6,3,0,1
12963,13,15,0,1
12964,8,10,0,1
12965,4,9,0,1
16085,15,8,0,0
16684,15,16,0,2
16679,23,24,0,3
16077,30,31,0,4
16088,22,16,0,3
16089,6,6,0,1
16090,1,0,0,0
12605,14,7,0,0
12604,15,7,0,0
12602,15,8,0,1
12600,16,16,0,2
12599,17,24,0,3
12601,14,8,0,0
15269,2,3,0,0
16739,5,0,0,1
15445,1,0,0,0
16740,0,0,0,0
16741,0,0,0,0
16742,0,0,0,0
14497,1,0,0,1
13720,5,0,0,1
14498,15,6,0,3
14499,27,10,0,3
14500,1,1,0,1
14501,1,1,0,1
15057,2,1,0,0
15058,7,1,0,0
16722,10,2,0,0
16038,11,4,0,0
16036,10,3,0,1
10194,4,3,0,1
12943,6,9,0,2
18110,3,1,0,0
18111,3,1,0,0
18112,3,1,0,0
13165,25,21,1,5
13166,27,26,1,6
12064,25,25,1,7
12073,20,21,0,4
12081,26,21,0,5
12396,41,26,0,5
12421,47,38,0,3
12425,57,47,0,2
12427,43,37,0,3
12428,39,32,1,4
12475,36,38,0,2
12227,73,74,1,2
12189,124,80,0,11
12184,85,73,1,14
12176,129,104,1,12
11931,82,56,2,7
11918,29,30,2,10
11906,24,31,1,7
11895,54,38,0,16
11641,71,59,0,12
11622,62,59,0,15
11346,12,8,0,1
11342,16,11,0,2
11332,19,14,0,4
10991,8,10,0,0
10973,17,16,0,2
10967,15,16,0,5
10693,31,16,0,4
10657,0,8,0,1
10655,1,13,0,2
12126,20,16,0,2
12390,18,16,0,2
12392,16,12,0,2
12402,17,20,0,0
12407,16,25,0,0
12662,8,4,0,3
12851,0,0,0,0
12853,0,0,0,0
12922,1,1,0,0
12926,4,5,0,0
12070,25,32,0,6
12077,33,38,0,4
12115,31,27,0,2
17270,26,24,0,2
17271,24,21,1,1
17272,25,29,1,3
17273,43,49,1,6
17274,68,74,0,11
17277,97,82,1,7
12208,118,78,1,6
12198,156,86,1,7
11327,10,8,0,4
11361,15,11,0,2
17703,22,14,0,3
11025,29,34,0,18
11024,22,27,0,21
11020,17,24,0,23
14075,15,18,0,11
13200,7,10,0,2
13201,9,1,0,0
13202,5,5,0,2
13203,4,4,0,1
13204,2,0,0,0
13205,1,0,0,0
13206,0,0,0,0
14349,0,0,0,0
14351,6,1,0,0
14352,4,2,0,1
11884,90,73,4,10
17358,29,39,0,4
12235,26,39,0,5
17735,42,47,0,4
17736,59,45,0,1
17737,27,13,0,2
12275,31,18,1,3
12270,24,13,1,3
12278,15,11,1,2
12289,5,8,1,2
15849,9,14,1,4
15850,29,30,1,7
15851,29,24,0,2
16762,21,11,0,7
17150,4,1,0,3
12917,2,5,0,0
12915,0,3,0,0
12619,12,10,0,1
12613,5,5,0,1
12616,3,3,0,1
12634,4,0,0,1
12635,2,0,0,1
12636,11,3,0,3
12637,18,8,0,4
12638,19,8,0,5
12388,0,0,0,0
15781,30,19,0,1
12371,47,30,0,3
12367,33,24,0,2
15630,33,33,0,3
14368,14,8,2,3
14369,13,1,0,1
14370,2,0,0,2
14371,2,0,0,0
17819,4,4,0,1
17822,46,19,0,4
14363,34,16,0,6
18015,51,20,1,7
15081,1,4,0,2
13422,1,0,0,0
13423,5,7,0,0
13424,9,8,0,0
13428,0,0,0,0
13429,0,0,0,0
13430,0,0,0,0
13431,0,0,0,0
13265,9,1,0,6
13266,6,8,0,3
13267,1,2,0,1
13268,0,0,0,0
13269,4,3,0,0
17672,28,13,0,4
17673,46,22,1,8
13275,57,21,0,8
13276,28,13,0,5
13277,5,7,0,1
13278,8,10,0,0
13279,11,5,0,0
13280,12,6,0,0
17144,3,6,0,0
11051,8,2,2,1
11048,7,1,2,0
11045,4,1,1,0
14981,0,0,1,0
11039,1,0,0,1
10743,5,2,2,0
10739,8,2,2,0
10738,7,2,3,0
10496,3,0,1,1
10492,1,0,1,1
10490,1,0,2,1
10486,2,1,2,0
10487,2,1,2,0
10475,2,2,3,5
15583,9,6,0,6
14979,17,12,2,14
10468,11,7,0,11
10478,7,8,0,9
10459,1,1,0,3
10455,6,6,0,3
15131,5,3,0,3
10312,11,5,0,6
10451,11,6,0,3
10284,18,10,0,4
10122,21,11,0,4
10113,24,12,0,4
11898,60,40,0,18
11903,48,33,0,8
11948,49,25,0,5
11956,38,17,0,2
11961,41,18,0,2
11977,47,24,1,1
11978,44,23,1,2
10099,0,0,0,2
10190,0,0,0,1
10101,1,2,0,0
10103,1,2,0,0
10110,5,3,0,1
10116,11,5,0,1
10114,27,14,0,5
10278,13,7,0,2
10279,10,6,0,1
10282,11,7,0,2
10286,0,1,0,0
10290,5,3,0,1
10437,9,5,0,1
10441,4,3,0,0
10463,14,15,0,7
10467,11,12,0,9
10673,9,14,1,10
10676,16,19,1,9
15554,43,21,0,4
15555,25,17,0,5
14978,18,20,0,3
15282,0,0,0,0
15283,0,0,0,0
17851,45,22,1,9
13689,31,21,0,3
15655,48,24,0,3
13691,77,28,0,4
14072,70,30,0,6
15006,54,17,2,8
14071,23,7,3,3
13677,34,5,1,4
14073,22,9,1,1
13633,57,22,0,1
12590,36,20,0,3
15862,30,15,0,2
16510,91,61,0,9
16511,25,14,0,4
15194,2,3,0,0
15989,4,0,0,0
16513,4,3,0,1
16514,0,0,0,0
16515,5,5,0,0
16516,3,1,0,0
16517,1,0,0,0
16518,3,1,0,1
16519,5,0,0,1
16520,5,0,2,1
13488,16,6,0,0
13490,1,0,0,0
13491,1,0,0,0
13492,3,1,0,0
13467,0,0,0,0
13468,3,0,0,0
13469,10,2,0,0
13447,13,5,0,0
13448,5,2,0,0
13449,9,2,0,0
13450,10,2,0,0
15619,3,0,0,0
18470,1,0,0,0
13455,0,0,0,0
18132,11,25,0,2
12960,5,9,0,1
12961,9,5,0,1
12962,18,16,0,1
12346,38,25,0,2
12343,40,22,0,2
12026,14,13,0,1
12024,12,12,0,0
12021,11,11,1,1
12020,11,4,1,4
11731,8,2,1,6
11726,40,21,0,7
11709,45,21,0,10
11708,27,8,0,5
11417,12,4,0,1
11412,21,6,0,1
11404,32,15,0,1
11140,24,22,0,1
11118,9,8,0,3
11113,7,6,0,7
10789,20,10,1,9
10777,59,27,0,9
10799,91,35,0,14
10797,76,37,0,12
17462,33,16,1,5
17460,20,10,1,1
17461,21,8,3,2
10516,21,8,4,1
10513,20,6,4,1
10510,10,4,4,1
16760,6,5,0,4
16761,27,17,0,7
12587,31,18,0,4
12951,2,4,0,5
12952,9,16,0,4
15929,27,14,0,5
17151,36,31,0,7
15934,34,27,0,4
15891,32,30,1,7
15931,13,24,1,3
12277,20,13,1,3
12271,24,13,1,3
12274,31,18,1,3
17731,26,13,0,2
17732,64,48,1,1
17733,45,44,0,1
17734,22,28,0,2
12236,25,37,0,5
14076,29,37,0,6
11934,79,65,0,11
15643,10,1,0,0
13711,1,0,0,0
13712,3,3,0,0
13713,47,19,0,6
13714,53,21,0,7
13715,35,14,0,3
13151,15,4,0,1
13716,4,5,0,1
13717,6,5,0,2
13718,2,0,0,1
13719,3,0,0,1
13721,4,1,0,0
13722,15,4,0,3
13723,26,10,0,3
13724,26,9,0,4
13731,10,3,0,3
16835,8,3,0,2
13732,15,4,0,2
16728,15,6,0,4
16729,3,3,0,2
13419,2,2,0,2
10541,34,23,0,4
10549,45,24,0,6
10559,45,20,0,4
10562,64,35,1,5
10821,85,52,2,8
17801,50,36,1,3
10598,29,26,1,2
10863,51,35,1,3
10877,44,21,1,5
10889,44,18,0,15
11205,81,30,1,21
17753,79,37,2,16
18026,66,41,2,21
13415,18,6,0,1
13416,15,2,0,0
13417,12,1,0,0
13418,4,4,0,2
17748,2,0,0,0
10172,0,0,0,0
10169,0,0,0,0
10168,1,0,0,0
15829,1,0,0,0
10142,2,3,0,0
13806,4,5,0,0
10147,6,14,1,1
10151,6,14,1,1
10159,14,20,1,2
10166,14,16,0,1
10059,13,13,0,0
10063,10,6,0,0
10070,18,10,0,1
10227,13,7,0,0
10230,4,4,0,0
10234,3,3,0,0
12967,1,1,0,0
10373,3,4,0,1
10384,11,12,0,2
10386,17,22,0,0
10387,17,23,0,0
10569,12,15,0,0
10575,13,8,0,0
10580,12,6,0,0
10593,18,10,1,2
10601,25,24,0,2
10861,52,41,0,4
10869,77,58,0,9
10910,87,46,0,12
10916,118,23,0,11
12936,106,28,0,12
11243,87,31,1,15
11211,100,32,0,17
15216,1,0,0,0
13823,1,1,0,0
15211,3,1,0,1
17287,39,15,1,6
13826,43,15,1,9
13827,4,0,0,4
13828,4,0,0,1
15242,4,0,0,1
13830,4,2,0,0
13831,2,2,0,0
13832,3,4,0,0
13833,10,4,0,0
13834,9,4,0,0
13879,9,4,0,0
17152,17,18,0,5
11785,42,51,0,1
12044,36,37,1,3
17567,10,10,1,4
17568,8,11,0,4
17569,10,11,0,8
17570,10,9,0,9
17572,6,3,0,3
11434,9,5,0,3
11432,14,6,0,3
11416,16,3,0,1
11405,16,5,0,2
11403,9,4,0,1
14993,10,5,0,3
15100,2,0,0,3
14376,2,1,0,0
14377,8,3,0,0
14378,2,3,0,0
14379,19,9,0,1
14380,19,4,0,2
15784,15,3,0,1
15785,7,1,0,0
15786,3,2,0,0
16730,3,0,0,1
17412,1,0,0,0
17413,1,1,0,0
14019,3,2,0,0
17414,2,4,0,0
15029,4,3,0,0
13845,51,14,0,8
13846,35,13,0,6
17415,23,12,0,3
17106,32,16,0,6
13992,41,18,1,4
13993,79,45,1,6
13994,119,57,0,15
13999,62,33,3,4
13495,74,33,0,2
14033,37,15,1,2
15184,39,15,0,1
10181,1,0,0,0
15534,1,0,0,0
15101,1,0,0,0
15102,1,1,0,0
15103,0,1,0,0
16964,1,0,0,0
16965,1,0,0,0
15827,7,10,1,0
15828,7,12,1,0
10149,8,11,1,1
10155,15,17,0,2
10161,11,14,0,1
13109,2,2,0,0
13110,6,3,1,2
18095,14,7,0,0
17538,9,1,0,0
12704,68,48,2,7
12698,60,38,1,8
12499,105,29,2,13
12490,82,28,2,11
12486,79,28,1,8
12431,51,27,1,5
12418,51,42,0,3
12169,32,42,1,6
12154,32,44,1,5
12140,36,53,0,2
12132,67,63,0,6
11233,134,87,3,51
11266,119,74,4,47
11264,85,59,3,42
11255,50,40,2,16
11254,24,12,1,5
10931,15,11,0,0
10926,34,20,0,2
10949,44,26,0,3
17554,61,33,0,5
17551,109,66,1,10
10957,89,75,1,9
10944,55,45,0,5
10983,15,20,0,2
10971,12,13,0,3
10968,28,17,0,3
10974,24,14,0,0
10977,16,9,0,0
10724,27,12,0,3
14329,77,26,2,10
14330,8,4,1,3
14335,2,4,0,0
14336,2,4,0,0
14337,2,4,0,0
19603,0,1,0,0
16340,3,2,0,0
19601,1,1,0,0
16373,1,4,0,0
16371,0,1,0,0
16376,4,10,1,0
16369,4,4,1,2
16367,2,4,0,2
16365,0,3,0,0
16363,0,3,0,0
16361,0,3,0,0
16357,3,1,0,0
19599,3,1,0,0
16355,3,0,0,0
16356,3,1,0,0
17094,4,1,0,0
17300,0,0,0,0
16353,9,1,0,0
10512,11,4,4,1
10522,21,8,3,2
10526,29,12,1,3
10531,38,18,0,5
10774,61,27,0,11
10782,41,18,1,6
10793,14,12,1,9
11114,7,6,0,7
11400,21,20,0,1
11410,26,9,0,1
11414,21,5,0,1
11707,21,6,0,2
11710,49,24,0,10
11724,40,21,0,7
11732,17,5,1,6
12019,10,3,1,4
12022,12,12,0,1
12023,11,13,0,1
12025,7,9,0,1
12328,4,5,0,1
12332,14,15,0,1
16095,7,1,0,1
16097,5,3,0,0
16099,5,3,0,0
19862,0,0,0,0
19863,0,0,0,1
19864,2,0,0,0
19797,0,0,0,0
19804,7,4,0,0
16111,8,5,0,0
16112,1,1,0,3
16114,14,4,0,3
16970,23,9,1,0
10164,14,17,0,2
10152,6,14,1,2
10141,5,6,1,0
17301,1,0,0,0
17093,3,1,0,0
16360,0,2,0,0
16362,0,3,0,0
16364,0,3,0,0
16366,2,3,0,2
16368,3,4,1,2
15110,4,10,1,0
16370,1,4,0,0
16372,1,4,0,0
19600,0,1,0,0
16322,3,3,0,0
16377,1,1,0,0
16378,0,0,0,0
16381,2,1,0,0
16383,0,0,0,0
12705,69,50,2,7
12699,61,38,1,9
12498,115,29,3,14
12493,69,18,2,13
12446,65,41,1,4
12444,35,46,0,1
12442,38,45,0,1
12404,21,28,0,0
12401,27,31,0,2
12397,38,26,0,5
12352,36,22,0,1
12336,7,5,0,0
17118,4,2,0,0
17141,0,1,0,0
17119,1,2,0,0
17115,1,0,0,0
17116,1,2,0,0
17120,2,3,0,0
17121,26,11,1,4
17122,56,23,2,6
14144,19,4,0,6
14901,21,7,0,8
14902,24,11,0,4
14565,6,0,0,1
14566,5,1,1,0
13875,4,2,1,0
15574,3,2,1,0
13815,3,2,0,0
13816,3,1,0,0
14550,3,1,2,0
13822,0,0,0,0
10858,59,70,2,19
10853,59,66,2,13
10040,37,30,2,7
10884,40,17,1,5
11208,91,31,2,18
13237,88,33,0,13
11248,48,26,1,2
10930,30,23,0,1
10925,10,7,0,0
10919,20,11,0,0
10912,21,18,0,5
10902,16,22,0,5
10671,9,12,0,5
10668,7,13,0,6
10665,4,14,0,6
10661,3,15,0,3
10649,0,6,0,1
10642,0,2,0,0
10447,0,1,0,1
15091,0,1,0,0
10288,0,1,0,0
15305,23,12,0,4
14857,3,3,0,1
14864,12,5,0,4
14234,14,7,0,4
14235,3,3,0,0
14236,10,6,0,1
14237,31,18,1,1
15572,28,18,0,6
14238,43,21,0,17
15183,38,26,0,10
14239,15,15,0,2
14204,2,3,0,0
12935,115,31,0,9
10917,107,24,0,11
10911,86,47,0,12
10868,87,56,0,10
10860,51,41,0,2
10600,23,22,0,2
10588,14,5,0,1
10577,14,5,0,0
10570,15,17,0,0
10571,16,21,0,0
10385,14,20,0,2
10383,5,8,0,2
10374,3,4,0,1
12966,2,0,0,0
10232,2,3,0,0
10231,6,5,0,0
10223,12,8,0,0
10069,17,10,0,1
10064,9,6,0,0
10060,12,14,0,0
10158,14,21,1,2
10148,6,14,1,1
10167,2,1,0,0
10171,0,0,0,0
12455,40,34,0,1
12452,42,41,0,1
12440,66,46,1,5
12434,47,46,1,3
17625,48,35,1,1
17626,35,42,1,5
12160,29,30,1,4
19815,23,25,1,1
12150,28,24,0,1
12138,30,33,0,1
17795,25,29,2,8
11847,109,46,1,20
11842,316,66,1,26
11559,162,78,2,17
11550,189,125,3,13
11545,181,109,2,11
11267,46,38,0,19
11260,27,47,1,8
10929,27,21,1,1
10923,86,23,0,0
10921,121,28,0,6
10915,122,29,0,13
10879,118,25,0,14
10871,86,57,0,11
10867,42,31,0,4
10864,49,34,0,3
10834,74,48,1,2
17768,79,49,1,4
13745,3,1,0,0
13746,3,0,0,1
13747,2,0,0,1
13748,5,5,0,2
13749,4,6,0,1
13145,23,9,0,3
13750,32,14,0,3
13751,43,17,0,6
13753,2,0,0,0
13754,1,0,0,0
12369,41,29,0,4
12365,49,28,0,3
12080,40,37,0,4
12076,34,33,0,4
12101,25,41,0,2
12097,45,50,0,3
12087,54,62,0,5
11819,45,47,2,8
15112,4,10,1,0
15113,5,12,1,2
15114,5,12,1,0
15115,3,1,1,2
15116,4,0,0,0
15117,5,3,0,0
13701,2,3,0,0
15118,4,0,0,0
15119,0,0,0,0
10034,2,0,0,0
10031,2,0,0,0
10032,1,0,0,0
15120,0,1,0,0
10178,1,0,0,0
10182,1,0,0,0
15535,0,0,0,0
10249,2,2,0,1
10252,3,1,0,1
10258,5,2,0,1
16337,50,20,1,14
16339,2,0,0,0
19618,0,2,0,0
16374,1,2,0,0
16342,2,2,0,0
16343,2,4,0,0
16344,8,5,0,0
16319,9,4,0,0
19620,1,2,0,0
15671,149,118,2,19
11589,61,59,2,8
17837,45,40,2,5
18022,45,72,0,14
11265,43,37,1,19
14227,6,2,0,0
14241,0,1,0,0
16791,27,15,2,4
12981,50,35,0,16
11912,27,26,3,10
11867,49,74,0,15
11837,63,53,0,25
16900,203,52,1,23
16931,225,135,1,33
11760,58,53,2,4
12811,2,3,0,0
12269,32,17,1,3
12276,25,13,1,3
15845,24,18,1,3
12267,29,20,1,2
12266,20,19,0,0
12234,28,26,0,4
11933,38,30,0,6
11919,37,32,1,7
11908,31,46,4,16
11869,39,67,1,17
11607,54,67,0,6
11605,71,69,0,13
12988,51,61,0,17
12989,56,52,0,24
10986,29,26,0,3
15224,10,11,0,0
13239,11,11,0,0
15182,36,24,0,9
14206,52,26,0,18
15571,26,17,0,5
14207,33,19,1,3
14208,13,6,0,1
14209,2,3,0,0
14210,14,7,0,4
14211,4,3,0,1
12178,177,94,2,18
12190,165,75,0,18
12216,126,86,1,8
12222,103,83,1,5
12469,68,55,1,4
12470,64,55,1,5
12491,44,43,0,6
12496,66,53,0,6
12700,70,52,1,8
14225,2,3,0,0
14226,0,1,0,0
11431,12,16,1,4
17631,6,3,0,5
11128,13,9,0,1
11123,9,8,0,0
11104,8,8,0,0
11101,4,9,0,0
11100,1,2,0,0
10747,1,1,0,0
10748,1,2,0,0
11068,2,2,0,0
14868,4,3,0,0
11077,16,4,0,0
11073,18,3,0,0
11072,3,3,0,0
11085,1,2,0,0
11083,1,2,0,0
16076,23,29,0,4
16075,17,29,0,4
16074,14,23,0,5
16073,13,10,0,1
12825,5,3,0,0
12839,7,3,0,2
12835,6,3,0,3
12841,6,3,0,6
12843,7,3,0,6
12845,1,1,0,1
12850,0,0,0,0
13298,9,4,0,2
13785,11,2,0,0
13786,17,6,0,0
13787,29,8,0,0
13788,7,1,0,0
18019,0,1,0,0
13790,4,2,0,1
13791,4,2,0,0
13792,0,0,0,0
13793,0,0,0,0
13794,0,0,0,0
13795,0,0,0,0
14911,0,0,0,0
14951,0,0,0,0
14952,0,0,0,0
14953,0,0,0,0
12256,123,81,2,3
12512,133,84,1,9
12516,97,63,1,9
12526,49,41,2,3
12535,33,19,1,3
12552,57,26,0,7
12756,83,36,0,6
12760,100,46,0,11
12770,101,38,0,16
12774,77,33,0,12
12796,68,30,0,17
12798,49,22,0,16
12804,24,11,0,2
19634,2,0,0,0
17586,10,3,3,1
11038,3,1,0,1
13127,2,1,0,1
13128,2,1,0,1
11035,4,1,0,1
11028,3,5,2,1
11032,0,4,2,2
11512,267,184,3,33
11498,202,113,4,28
11465,62,34,2,20
11462,49,39,1,10
11458,22,37,0,8
15380,21,25,1,10
15378,13,12,1,6
15374,31,22,0,6
15372,28,12,0,1
15370,22,6,0,2
15368,9,4,0,1
15366,10,5,0,3
11130,10,2,0,2
11112,11,4,0,2
11109,5,2,0,0
11107,4,1,0,0
11106,3,0,0,0
11082,20,2,0,0
11080,19,2,0,1
11096,1,2,0,1
11094,1,2,0,0
11088,1,0,0,0
11067,14,5,0,0
11065,7,1,0,0
11062,1,0,0,0
11061,1,0,0,0
18077,8,0,0,0
18079,23,5,0,0
18081,14,6,0,0
18083,0,0,1,0
18076,1,0,1,0
18084,0,0,1,0
18082,14,6,0,0
18080,21,4,0,0
18078,8,0,0,0
11060,2,0,0,0
11063,1,0,0,0
11064,7,1,0,0
11066,14,6,0,0
11087,1,0,0,0
15365,10,5,0,3
15367,9,4,0,1
15369,23,6,0,2
15371,29,13,0,1
15373,28,22,0,5
15377,13,12,1,6
15379,20,25,1,10
15079,31,16,0,5
15460,9,12,0,4
12574,2,6,0,6
12315,2,3,0,6
12298,11,14,0,4
12294,15,23,1,3
12291,3,5,1,1
16053,86,81,4,22
12718,39,28,1,7
12737,31,20,0,6
12764,35,22,0,3
12772,35,16,0,4
12780,16,16,0,0
12876,5,9,0,1
12888,3,0,0,1
12894,4,2,0,2
12900,1,0,0,2
16757,166,76,2,35
11272,123,75,3,44
10582,18,6,0,0
10555,15,2,0,1
10546,10,4,0,0
10370,12,7,0,0
10366,9,5,0,0
17797,1,3,1,0
10352,4,4,1,0
10346,5,2,1,0
10345,4,2,0,1
10216,8,5,0,1
10206,9,2,0,1
10054,5,3,0,1
10053,2,4,0,1
10050,1,1,0,0
10048,1,0,0,0
10046,1,0,0,0
10136,1,2,0,0
10162,11,14,0,1
10154,15,18,0,2
10150,7,10,1,1
10145,8,13,1,1
10144,8,11,1,1
16039,2,2,0,0
14189,1,1,0,0
11143,9,3,0,1
11142,5,8,1,7
10770,59,24,0,9
10763,56,17,0,7
10781,19,7,0,2
10786,11,5,0,0
10780,8,2,0,0
10773,7,1,0,1
10758,5,2,0,1
10503,4,2,0,1
10507,5,2,0,0
10754,8,4,0,1
10753,4,3,0,0
10750,4,3,0,0
10784,5,2,0,0
10791,9,4,0,0
10795,13,10,0,7
17085,8,5,0,3
12806,24,11,0,2
12902,8,7,0,1
12903,2,1,0,0
12890,6,3,0,2
12887,8,5,0,3
12880,28,10,0,8
12800,50,23,0,16
12320,6,4,0,5
15895,20,8,0,0
15885,4,1,1,0
15886,4,2,3,2
15887,8,2,2,2
15888,11,10,1,1
15889,24,12,0,1
15896,34,19,0,2
15890,35,18,0,2
15926,28,15,0,2
16626,23,12,0,5
16629,28,14,0,2
16631,2,2,0,2
16633,2,2,0,2
16672,1,0,0,0
16673,3,0,0,0
16325,56,17,0,10
16326,59,17,0,9
16327,31,11,1,4
16674,22,7,1,2
16675,3,1,0,1
16676,4,0,0,0
16677,3,0,0,0
16678,0,0,0,0
16657,0,0,0,0
11439,8,5,0,4
17102,8,5,1,0
17170,7,1,0,0
17103,2,1,0,1
10009,48,12,0,9
10001,100,25,0,21
10002,42,10,0,7
15151,6,3,0,0
15152,8,2,0,0
15153,115,28,0,24
15154,87,22,0,30
11881,55,70,4,19
11911,41,33,3,9
11932,37,32,0,7
11940,27,27,0,4
12265,21,19,0,0
15847,28,20,1,2
15848,23,15,1,3
12286,9,12,2,0
12295,14,22,1,3
12297,9,13,0,4
12314,3,3,0,6
15461,13,10,0,6
15462,21,13,0,9
12584,22,14,0,6
10316,0,0,0,0
10317,0,0,0,0
17494,0,0,0,0
17495,1,0,0,0
12944,1,0,0,0
10304,3,1,0,3
12678,19,9,0,5
12676,24,13,0,5
12461,32,32,0,2
12450,43,49,0,2
12437,48,55,0,2
12422,56,46,0,3
12412,57,46,1,2
12168,35,44,1,5
12141,77,67,0,10
12970,161,132,0,11
11887,129,134,1,9
11890,131,107,4,21
11915,93,78,4,16
11938,32,30,0,6
15612,41,31,0,7
11910,30,23,0,7
11974,40,22,1,1
11968,36,17,0,2
11964,18,7,0,1
11672,5,0,0,0
15412,5,0,0,0
17142,6,0,0,0
12950,80,37,0,9
12791,42,16,0,14
12573,1,2,0,0
12570,9,5,0,0
12567,40,15,0,7
12582,22,12,0,8
12953,12,10,0,5
12308,9,5,0,5
11686,6,2,0,1
11676,8,2,0,1
11669,4,0,0,0
11668,3,0,0,0
11655,10,2,0,1
11658,10,4,0,1
11656,29,19,0,5
11660,38,23,0,7
12515,66,52,1,6
12530,35,42,0,2
12537,36,39,0,4
12730,33,20,0,8
12740,26,16,0,5
12744,20,11,0,4
12743,22,15,0,5
12750,5,3,0,0
12752,2,2,0,0
12754,3,2,0,0
12871,4,0,0,0
12873,0,1,0,1
17073,18,24,0,3
18050,9,21,0,1
12344,39,25,0,2
16937,221,128,4,30
16930,225,142,1,37
11872,53,79,0,14
15598,32,36,0,14
16843,10,3,0,2
16906,17,2,0,1
16907,1,2,0,1
16293,5,11,0,0
16294,0,0,2,0
16295,0,0,0,0
16296,4,4,0,0
16297,4,6,2,0
16298,0,2,2,0
16299,0,2,0,0
16300,0,2,0,0
16301,3,4,0,0
16302,2,4,0,0
17490,0,0,0,0
13435,0,0,0,0
13436,0,0,0,0
13437,0,0,0,0
13438,0,0,0,0
13439,0,0,0,0
13440,0,0,0,0
13377,0,0,0,0
13378,6,1,0,0
13444,9,8,0,0
13445,8,8,0,0
19593,2,5,0,0
13446,3,3,1,0
19728,0,1,0,0
12013,0,0,0,0
12014,0,0,0,0
11700,0,0,0,0
10193,2,3,0,1
16035,12,3,0,1
16037,11,4,0,0
16721,10,2,0,0
15055,3,0,0,0
15056,1,1,0,0
14479,1,1,0,1
14480,1,1,0,1
14481,27,10,0,3
14482,13,6,0,2
14483,1,0,0,1
16736,0,0,0,0
16737,0,0,0,0
16738,0,0,0,0
17288,1,0,0,0
17289,5,0,0,0
11196,157,118,7,19
10852,19,25,0,8
10811,33,25,2,3
10807,54,34,2,8
10805,98,47,0,14
10803,98,40,0,14
10801,87,35,0,13
17474,2,0,0,0
17475,1,1,0,0
17476,0,1,0,0
17477,4,2,0,1
10756,9,4,0,1
10771,8,5,0,1
10778,6,2,0,0
10787,11,5,0,0
16071,16,7,0,6
10792,16,10,1,6
13771,6,6,0,2
13456,0,0,0,3
13458,0,0,0,0
16072,0,0,0,0
13479,3,1,0,0
13480,1,0,0,0
13481,1,0,0,0
15032,23,4,0,0
14989,39,7,0,0
14990,0,0,0,0
19837,1,1,0,0
15033,0,0,0,0
15034,1,2,0,0
15791,2,6,0,1
15792,2,0,0,0
15793,12,2,0,1
14422,19,4,0,2
14423,18,8,0,1
14424,4,2,0,0
14425,8,3,0,0
16320,4,2,0,0
16375,1,2,0,0
19619,0,2,0,0
16323,2,0,0,0
16324,49,20,1,14
15814,8,4,0,0
15815,1,2,0,0
14149,1,0,0,0
14150,1,0,0,0
17137,1,2,0,0
14140,2,0,0,0
14141,3,0,0,0
14142,5,2,0,0
17342,5,2,0,0
10184,2,2,0,0
10186,1,2,0,0
10176,0,0,0,0
10037,0,0,0,0
17647,1,0,0,0
17648,1,0,0,0
17649,1,1,0,0
13129,5,2,0,3
13317,0,5,0,0
18134,0,3,0,0
13319,0,2,0,0
12863,2,1,0,0
17470,3,1,1,0
17471,2,2,1,0
17472,3,0,1,1
17473,16,5,1,3
10612,17,11,0,3
10619,17,15,0,1
10629,22,19,0,6
10632,35,33,0,6
10633,46,43,0,6
10906,80,61,0,10
10881,124,30,0,13
10888,133,34,0,14
10898,115,30,0,17
11216,77,44,2,32
11230,152,90,4,53
11762,61,53,2,4
11769,39,45,2,4
11775,29,44,2,3
11827,29,48,0,1
12052,32,49,0,2
12056,33,37,0,3
12062,29,41,0,6
12065,25,35,0,6
12069,28,26,0,9
12082,26,21,0,5
12382,28,17,0,1
12383,16,9,0,1
12387,6,2,0,1
17153,19,18,0,5
15906,17,5,0,2
15907,24,8,0,10
14058,37,23,1,10
15908,22,11,2,3
15909,4,4,1,0
15932,10,2,1,0
16590,34,12,0,0
16591,27,9,0,0
13114,9,6,1,3
13115,1,1,0,0
12872,0,1,0,1
10652,3,16,0,5
10651,10,20,0,4
10616,20,13,0,3
10427,15,6,1,2
10421,15,5,0,1
10411,12,8,0,1
10405,5,4,1,1
10401,1,1,1,0
10399,2,0,1,0
10390,3,0,1,0
10244,2,4,0,0
10089,1,4,0,0
10082,3,4,0,0
10080,3,4,0,0
10077,2,1,0,0
10087,2,1,0,0
10086,3,1,0,0
17535,5,3,1,0
14184,0,1,0,0
10224,4,5,0,0
10228,6,6,0,0
10233,5,4,0,1
10237,7,6,0,1
10217,8,5,0,1
10344,5,3,0,1
10343,4,2,1,0
10347,4,8,1,1
10328,5,10,1,1
10331,3,8,0,0
10333,5,6,0,0
16522,6,9,0,0
16523,11,6,0,0
16526,8,1,0,0
16527,0,1,0,1
16528,2,1,0,1
16529,6,1,0,0
16530,15,7,0,0
16531,28,11,0,2
15973,0,0,0,0
13470,0,0,1,0
13471,0,1,1,0
14876,2,0,1,0
14877,2,0,1,0
14878,2,0,0,0
16752,0,0,0,0
16747,7,8,0,0
16748,6,9,0,0
16312,2,0,0,1
13477,1,0,1,0
14169,3,0,1,1
14170,1,0,0,0
14171,0,0,0,0
14172,1,0,0,0
14173,1,0,0,0
17292,0,0,0,0
17338,0,0,0,0
16033,0,0,0,0
13574,0,0,0,0
13577,0,0,0,0
13578,0,0,0,0
13579,0,0,0,0
13580,0,0,0,0
15736,34,41,0,1
12522,67,53,0,7
16091,49,42,1,3
12170,37,34,1,4
12161,39,33,1,4
12152,32,29,1,3
12110,34,34,0,3
12105,36,42,0,6
12102,30,39,0,4
12060,32,38,0,3
12050,30,35,0,4
12047,42,41,0,2
11784,51,55,0,1
15296,41,59,0,2
13871,2,0,1,0
13872,7,2,2,0
14589,8,1,2,0
14898,19,9,0,0
13900,45,14,1,4
13901,51,21,1,8
13903,12,7,0,1
13905,2,0,0,0
13906,5,0,0,0
13908,1,3,0,0
15023,13,6,0,1
15024,11,7,0,3
15025,67,29,0,5
13912,47,30,0,3
15125,8,8,2,2
14002,7,7,5,3
13659,10,2,2,3
13660,7,1,2,2
15857,4,2,2,1
15859,4,5,0,0
15938,13,7,0,1
15861,8,6,0,2
14005,3,1,0,1
17108,2,0,0,0
17109,2,0,0,0
10296,15,8,0,3
10297,18,8,0,3
10299,7,3,0,3
10311,12,5,0,1
10440,11,6,0,1
15302,0,1,0,0
15323,0,1,0,0
15089,1,3,0,0
10444,2,3,0,1
10638,0,1,0,1
10641,0,2,0,0
10648,0,5,0,1
10656,3,15,0,2
10660,4,14,0,5
10667,7,15,0,5
17396,8,19,0,5
16707,10,18,0,6
16708,15,18,0,5
10909,22,22,0,4
10918,18,10,0,0
10924,16,14,0,0
10928,31,23,0,1
11247,51,26,1,3
11250,73,34,1,12
11207,95,33,1,17
10876,38,21,1,4
10026,38,31,2,7
15090,49,48,2,9
12693,3,4,0,0
12692,3,6,0,0
12689,3,4,0,0
12684,7,10,0,0
12720,24,26,1,3
12507,105,73,0,9
12500,93,55,1,13
12488,78,32,1,8
13314,4,5,0,0
13320,1,4,0,0
13321,2,4,0,1
13322,1,0,0,0
18107,4,7,0,3
18108,4,7,0,2
18109,4,7,0,2
13886,5,3,0,2
13887,47,18,0,14
12802,44,18,0,15
13888,27,14,0,5
16995,22,11,0,3
17318,16,7,0,1
17167,10,6,0,4
17165,3,2,0,2
17163,0,1,0,1
16787,0,1,0,0
12565,38,15,0,10
12556,30,11,0,10
12313,9,4,0,6
15745,11,13,1,2
15746,25,16,1,1
15634,46,25,1,1
17168,44,25,1,1
11984,44,22,1,2
13123,39,17,1,2
15613,2,1,0,0
15614,3,3,0,0
17948,2,3,0,0
17930,3,2,0,0
18144,2,0,0,0
18146,2,0,0,0
18147,2,3,0,0
17938,0,0,0,0
17939,2,1,1,6
18150,8,2,0,1
18152,9,1,1,0
18153,10,0,1,0
19627,3,4,0,1
19800,3,4,1,0
19801,2,3,2,0
19891,4,3,1,4
19629,3,4,2,3
16800,16,11,1,3
14967,11,5,1,0
11384,6,3,1,1
15245,2,0,0,0
14552,2,1,0,0
14553,3,1,0,0
13817,3,2,1,0
13818,6,2,1,0
13898,7,1,0,1
14899,29,13,0,4
14900,28,9,0,10
17173,19,4,0,6
14591,25,6,1,4
17111,29,13,1,4
19487,52,22,1,6
17113,21,11,1,4
15209,4,1,0,1
17114,2,3,0,0
17117,1,2,0,0
17140,2,2,0,0
10835,72,44,1,2
10862,48,35,1,2
10866,37,28,0,4
10872,85,53,0,11
10873,104,29,0,11
10880,122,24,0,14
10920,128,28,0,8
10922,100,29,0,2
10927,43,24,0,1
11251,21,9,1,1
11259,22,34,1,7
11525,211,96,2,29
11549,238,127,1,31
15741,184,121,1,17
15820,189,71,2,15
17653,24,20,1,1
17654,29,29,1,3
17315,33,41,1,5
17628,51,37,1,2
12426,46,40,1,3
12439,49,49,1,5
12445,50,44,1,3
12454,40,39,0,1
12462,42,26,0,2
17002,5,3,0,0
16205,4,4,0,0
16206,3,4,0,1
16207,4,4,0,1
16208,4,4,0,0
16209,4,4,0,0
16210,2,2,0,0
16173,2,1,0,0
16174,1,1,0,0
16211,0,2,0,0
16212,2,2,0,0
16213,11,2,0,0
16290,2,3,0,0
18008,249,117,1,29
12153,35,37,1,3
12155,60,64,1,11
12202,79,73,0,13
12195,138,83,0,15
11905,30,48,4,20
11901,38,48,0,20
11633,85,111,0,21
17341,65,43,0,12
12864,3,2,0,1
16384,0,0,0,0
16382,2,1,0,0
16380,1,0,0,0
16379,1,1,0,0
11664,6,0,0,0
11963,14,6,0,0
11966,32,15,0,2
11972,41,25,1,1
11909,30,23,0,7
11925,40,31,0,7
11936,31,35,0,6
11891,150,154,2,15
11888,119,135,1,10
12969,167,133,1,7
12136,110,70,0,11
12146,33,44,1,6
12413,47,39,1,2
12423,54,42,0,3
12438,53,56,0,3
12443,34,46,0,1
12460,35,35,0,2
12677,23,12,0,5
13581,0,0,0,0
17901,0,0,0,0
12753,4,2,0,0
12751,2,2,0,0
18025,59,81,1,17
11289,100,81,3,13
15665,52,39,2,4
11590,86,63,2,9
15666,169,124,2,19
11868,38,67,1,16
12937,44,40,0,6
11463,40,38,1,11
11464,63,38,2,18
11499,226,127,4,31
11043,1,2,2,0
11042,2,1,0,0
11041,2,1,0,1
11036,1,0,0,1
14982,0,0,1,0
11044,1,1,1,0
11046,7,1,2,0
16846,4,2,2,3
19635,1,0,0,0
16985,7,4,3,2
16201,6,3,4,13
16202,8,3,3,12
16203,7,3,1,8
16686,9,4,0,0
16146,10,5,1,4
16144,2,0,0,3
16142,3,1,0,0
16217,2,1,0,0
16140,2,1,0,2
16138,13,2,0,2
16135,0,0,0,0
16133,0,2,0,0
16214,4,3,0,0
16132,4,5,0,0
16130,3,3,0,0
16127,0,2,0,0
16125,0,0,0,0
16124,0,0,0,1
16121,0,0,0,1
15640,0,0,0,1
12321,0,0,0,0
12323,2,1,0,0
12593,2,1,0,0
12595,3,2,0,0
17651,8,21,0,1
16709,14,3,0,1
16710,12,3,0,1
16719,4,0,0,2
17286,43,15,1,6
15192,2,3,1,0
15193,3,2,0,0
15195,2,0,0,0
16961,220,106,1,23
17826,201,97,3,35
18100,0,0,0,0
15729,0,0,0,0
18067,0,0,0,0
15728,0,0,0,0
15727,0,0,0,0
18069,0,0,0,0
18104,0,0,0,0
15726,0,0,0,0
10201,13,5,0,2
10326,8,7,0,1
10351,6,10,1,1
18142,6,7,1,0
17659,13,11,0,1
10364,20,15,0,1
10365,11,5,0,0
10361,8,4,0,1
10375,3,4,0,0
10396,3,5,0,0
10079,1,2,0,0
10091,2,2,0,0
10093,2,2,0,0
10095,0,1,0,0
10098,11,6,0,1
15751,0,0,0,0
15752,3,0,0,3
15753,3,1,0,2
15754,26,5,0,3
15755,15,4,0,2
15756,7,3,0,2
15757,5,6,0,0
15758,7,8,0,0
15759,18,12,0,1
17156,13,8,0,1
17160,17,19,0,5
12306,19,19,0,4
12312,9,10,0,5
17337,77,110,0,24
11619,102,129,1,19
11611,47,64,2,9
17328,77,62,2,9
17329,160,119,2,19
17330,175,137,1,15
17331,144,126,1,16
11860,53,58,0,9
11864,42,54,0,13
12717,34,29,1,3
11318,25,28,0,3
11011,24,39,0,5
11000,44,57,0,4
10994,58,47,0,5
10647,2,13,0,4
10637,0,1,0,0
10436,1,1,0,1
10434,2,3,0,1
10430,3,4,0,0
10276,0,2,0,0
10274,0,1,0,0
10273,0,0,0,0
10272,0,2,0,0
10269,1,3,0,1
10259,5,3,1,1
10255,6,2,0,1
10247,3,1,0,0
18507,4,1,0,1
10240,2,1,0,0
17739,1,0,0,0
17740,1,1,0,1
17975,4,2,0,1
11480,159,106,4,9
15078,127,103,0,5
11445,81,109,2,4
11442,55,124,2,7
11169,42,85,1,9
11168,26,68,0,9
11164,30,42,0,5
11162,20,22,0,2
11138,10,15,0,0
11135,10,13,0,2
12325,0,0,0,0
12324,0,0,0,0
12334,2,3,0,0
12330,3,3,0,0
12345,36,23,1,2
17479,7,6,0,5
10788,16,11,1,7
15363,16,7,0,6
10776,26,6,0,4
10768,38,13,0,3
10769,61,22,0,8
10532,36,18,1,7
10528,22,15,1,5
10552,45,22,0,6
18075,42,21,0,5
10544,12,3,0,0
10568,10,10,0,0
10573,26,26,0,0
10604,26,21,0,0
10420,16,5,0,1
10412,14,6,1,1
10423,18,3,1,2
10428,16,3,1,2
10639,13,8,0,2
15679,3,6,0,2
17124,29,14,0,0
14097,10,7,1,0
14098,27,13,1,1
17128,101,51,0,14
17129,39,17,0,6
17418,25,8,0,5
15045,6,2,0,0
15046,2,5,0,0
14021,4,6,0,0
14022,6,3,0,0
14023,7,2,0,0
14024,6,1,0,0
14025,11,6,0,0
14026,17,9,0,1
17419,10,2,0,1
17420,6,1,0,1
12249,120,78,1,3
12248,115,79,1,3
12246,94,80,0,4
12243,79,63,0,7
12182,96,73,1,12
12180,136,85,2,16
12174,157,103,2,19
11849,68,94,0,6
11871,41,52,0,13
11835,164,52,0,26
11829,219,62,1,21
11558,230,127,1,26
11493,298,175,1,32
11544,236,126,2,30
11535,232,108,1,31
11521,205,96,3,30
11269,130,80,3,48
11261,37,69,1,13
11291,57,74,0,17
11282,73,71,2,14
11279,97,60,2,13
10961,125,78,1,13
10979,26,24,0,4
10685,45,29,0,5
10683,30,25,1,10
10707,31,23,3,13
10705,23,15,3,15
16247,4,3,0,0
16264,1,2,0,0
16248,3,3,0,0
16249,4,3,0,0
16250,0,1,0,0
16251,3,2,0,0
16252,3,2,0,0
16253,1,1,0,0
16254,1,2,0,0
16255,4,1,0,0
16256,9,6,0,4
16257,2,2,0,2
16258,6,2,0,0
16259,4,2,0,0
16260,0,0,0,0
16261,0,0,0,0
16262,1,1,0,0
16263,9,3,0,0
16154,9,5,1,0
16157,3,5,4,0
16218,7,3,3,2
16228,2,3,0,0
11688,8,3,0,1
11637,59,47,0,7
11642,72,58,0,15
16419,9,6,1,0
16420,14,7,0,0
16421,2,3,0,0
16422,4,2,1,0
16423,8,5,1,0
16424,10,3,0,0
16425,10,2,0,0
16426,27,7,0,3
16427,4,2,0,1
17898,60,22,0,12
16438,10,9,0,2
16441,1,3,0,0
16442,6,9,0,0
16443,3,3,0,0
16444,10,5,0,0
16467,2,1,3,5
16449,9,8,0,8
16715,11,3,0,1
16716,11,3,2,0
12896,2,1,0,2
12895,4,2,0,2
12889,3,0,0,1
12877,5,9,0,1
12781,16,16,0,0
12771,36,18,0,4
12763,40,23,0,4
12738,34,23,0,5
12731,31,19,0,7
12741,26,18,1,7
12686,2,4,0,0
15270,1,2,0,0
11097,1,2,0,0
11396,2,0,0,0
11098,1,2,0,0
16658,2,0,0,0
16659,4,0,0,0
16660,3,1,0,1
16661,22,6,1,2
16662,31,10,1,3
16335,59,17,0,10
16336,60,18,0,10
16663,3,0,0,0
16664,1,0,0,0
16634,2,1,0,1
16632,1,2,0,2
16630,27,14,0,1
16627,24,13,0,5
13130,1,3,0,0
13131,3,2,0,0
13132,2,0,0,0
13133,4,0,0,0
10302,3,2,0,4
12727,5,2,0,0
15969,3,3,0,0
11447,81,102,2,4
10794,12,6,0,5
10790,9,4,0,0
10783,5,2,0,0
10751,4,3,0,0
10752,4,3,0,0
10755,8,4,0,1
10506,4,2,0,1
10508,4,2,0,1
10757,7,2,0,1
10766,8,2,0,1
10785,6,2,0,0
10819,11,10,1,7
11141,6,8,1,7
11145,8,6,0,1
10449,7,3,0,5
10450,9,7,0,4
10456,13,9,0,9
10464,15,14,0,10
10698,17,17,1,15
10675,18,17,1,9
10680,41,24,0,6
10987,27,26,0,3
10999,51,58,0,5
11316,69,72,1,6
19872,1,3,0,1
19873,4,6,0,1
19874,5,2,0,0
16012,2,2,0,0
16013,1,2,0,0
16303,3,4,0,0
16304,0,2,0,0
16305,0,2,0,0
16306,0,2,2,0
16307,4,6,2,0
16308,4,4,0,0
16309,0,0,0,0
16310,0,0,2,0
16908,2,2,0,1
16909,18,2,0,1
11561,86,76,1,27
11563,85,84,0,23
11861,50,61,0,13
11606,65,77,0,6
11875,30,61,4,17
12268,30,21,1,3
12685,1,4,0,3
12681,3,4,0,3
12667,20,13,0,2
12666,18,10,0,2
12456,26,30,0,2
19811,39,29,0,2
18494,24,19,0,1
12846,1,1,0,1
12844,3,1,0,6
12842,6,3,0,6
12831,6,3,0,3
12837,6,3,0,2
15863,25,2,1,3
15864,30,4,0,4
14078,22,6,3,3
14958,51,17,2,8
14959,71,30,0,6
13685,83,33,0,7
13686,41,26,0,1
13687,38,23,0,3
13688,33,20,0,3
16197,16,16,1,3
16198,11,11,2,3
16199,4,5,2,3
16200,2,3,4,14
16204,1,1,0,0
16164,2,2,0,0
16165,14,3,0,1
16181,6,3,0,1
16182,1,1,0,0
17001,1,1,0,0
10779,7,2,0,0
10775,6,2,0,1
10761,9,4,0,1
17478,4,2,0,1
10498,1,1,0,0
10497,1,1,0,0
10499,2,0,0,0
10500,12,6,0,1
10509,43,16,0,8
10764,68,25,0,12
10800,89,36,0,14
10802,97,39,0,14
10804,101,47,0,16
17459,40,29,2,4
10813,8,11,2,1
10816,10,14,2,2
10815,18,21,2,5
10849,18,28,1,8
13807,1,0,0,2
16915,74,32,0,10
17756,119,74,5,28
16938,6,9,0,2
15760,18,12,0,1
15761,7,9,0,0
15767,3,0,0,3
15768,0,0,0,0
17660,26,20,0,2
11632,81,112,0,23
12985,71,92,0,22
11904,30,39,3,17
12148,61,64,1,11
12144,37,32,1,3
15381,254,142,1,33
12651,11,4,0,1
19735,24,9,0,5
12641,17,9,0,4
12643,13,7,0,4
12834,6,3,0,3
12840,7,3,0,2
12823,3,1,0,0
16122,0,0,0,1
16123,0,0,0,1
16126,0,0,0,0
16128,0,2,0,0
16129,4,4,0,0
16131,4,5,0,0
16134,0,2,0,0
16136,0,0,0,0
16137,13,2,0,2
16139,2,1,0,0
16216,2,1,0,0
16141,3,1,0,0
16143,5,0,0,3
16145,10,5,1,2
18468,34,20,1,1
18469,35,19,1,5
16149,27,15,1,1
16152,11,8,1,1
16316,8,4,0,2
18126,24,11,2,3
17583,10,4,4,1
10534,38,18,0,13
10809,48,40,2,12
11156,22,24,0,1
11189,52,130,2,5
11188,42,110,2,2
17601,20,22,0,2
18096,0,0,0,0
14345,6,2,1,3
14346,6,1,0,0
14347,6,1,0,0
14348,3,0,0,0
15044,8,5,0,4
17859,19,7,0,2
17442,10,4,0,3
15047,5,4,0,0
13985,11,3,0,0
17995,24,11,0,2
15636,49,20,0,15
12794,45,16,0,15
12792,32,12,0,13
12759,82,39,0,8
12755,76,35,0,8
12733,38,23,0,7
12729,42,35,1,6
12746,20,10,0,4
13537,2,0,0,0
15197,1,2,1,0
10033,1,0,0,0
10030,2,0,0,0
10035,2,0,0,0
15104,0,0,0,0
15105,4,0,0,0
15106,2,3,0,2
15107,5,3,0,0
13702,4,0,0,0
15108,2,1,0,0
13703,4,7,1,2
13698,5,13,1,0
15109,5,11,1,2
15111,1,1,0,0
14155,19,6,1,2
14156,5,2,0,0
14157,3,2,0,0
14158,3,0,0,0
14159,2,0,0,0
17136,1,2,0,0
14165,1,0,0,0
14166,1,0,0,0
14167,5,4,0,0
13142,13,11,0,1
13143,7,2,0,1
16967,5,6,0,2
13144,4,6,0,2
13146,21,6,0,2
13147,11,3,0,2
13148,9,7,0,2
13150,49,21,0,8
13152,4,6,0,2
16966,6,6,0,3
13153,8,2,0,1
13154,12,9,0,1
10640,13,7,0,2
10429,14,2,1,2
10422,18,3,1,3
10413,11,4,1,2
10417,15,6,0,1
10425,28,20,0,1
10388,22,27,0,0
10567,10,11,0,0
10545,17,5,0,1
10551,44,23,0,10
10527,21,14,1,5
10140,4,2,0,0
10135,1,2,0,0
10047,1,0,0,0
10049,1,0,0,0
10051,1,1,0,0
10052,2,4,0,1
10055,5,3,0,1
10207,9,2,0,0
10349,4,2,0,0
10353,4,1,0,0
10357,6,3,0,0
10368,23,15,0,1
10538,15,9,0,1
10543,10,3,0,0
10554,18,3,0,1
10587,27,9,1,1
11215,66,29,3,31
17779,98,41,5,47
16812,14,6,0,0
16813,10,2,1,0
15925,14,10,1,0
15552,26,15,1,5
13690,46,23,0,3
14897,22,4,0,4
14596,25,4,1,4
14597,9,4,1,0
14598,33,16,0,1
13629,20,11,0,1
10281,19,10,0,4
10446,11,11,0,3
10452,11,6,0,4
10313,10,5,0,6
15132,5,3,0,5
10454,5,5,0,4
10460,2,1,0,3
10479,7,8,0,8
10482,11,7,0,9
14980,19,12,2,13
15778,10,10,0,8
10476,2,2,3,4
10477,2,1,2,0
10488,2,1,2,0
10489,1,0,2,1
10491,1,0,1,1
10495,4,0,1,1
10737,7,2,3,1
10740,8,2,2,0
10746,5,2,2,0
11696,0,0,0,0
14426,2,1,0,0
18105,3,2,0,0
18106,2,2,0,0
11451,48,49,2,7
13393,1,0,0,0
13394,1,0,0,0
13395,1,0,0,0
13399,1,0,0,0
14861,31,23,1,3
12541,47,43,0,9
12543,60,36,1,6
12547,47,27,1,7
12551,32,12,1,9
12572,46,17,0,12
12784,43,17,0,15
12776,67,33,0,8
12779,52,25,0,8
12782,36,20,0,10
12875,34,18,0,12
12882,17,7,0,8
12884,4,2,0,2
18060,0,0,0,0
15725,0,0,0,0
15724,0,0,0,0
15723,0,0,0,0
15721,4,2,0,0
15720,4,2,0,1
15719,0,1,0,0
18101,4,0,0,0
15718,9,2,0,0
15717,29,8,0,0
15716,15,6,0,0
15714,11,3,0,0
17138,1,2,0,0
16798,8,5,1,0
10334,3,8,0,0
10332,5,10,1,1
10348,4,9,1,1
10239,7,5,0,1
10238,5,4,0,1
17534,5,4,1,0
10085,3,1,0,0
15228,2,0,0,0
15229,2,0,0,0
10243,2,4,0,0
16998,3,0,1,0
10398,1,1,1,0
10400,1,1,1,0
10406,5,4,1,0
10410,12,8,0,1
10419,16,6,0,1
10606,21,9,0,2
10617,20,15,0,3
10620,15,16,0,3
13207,1,0,0,0
13208,4,4,0,1
13209,5,5,0,2
11877,42,54,0,13
11862,41,61,0,14
17327,64,58,2,8
11615,58,72,2,10
11627,105,134,1,20
15230,11,12,0,0
17066,18,10,0,0
17067,1,0,0,0
17068,1,0,0,0
17069,14,7,0,0
17070,15,7,0,0
17071,15,8,0,1
17072,16,16,0,2
17074,14,8,0,0
12596,8,21,0,1
15531,61,59,0,15
15557,35,38,0,15
11352,22,15,0,7
11353,52,25,0,3
11356,68,26,0,4
11348,70,24,0,4
11350,69,22,0,6
11362,61,23,0,7
11340,22,11,0,13
11337,30,17,0,13
11330,43,30,0,16
19908,34,25,0,20
11030,8,5,0,7
11031,2,3,2,3
11357,3,1,1,4
15577,1,4,2,2
17431,2,6,0,0
17432,4,8,0,0
17433,3,7,0,0
17718,4,3,0,0
17719,3,7,0,0
17704,109,97,0,8
16566,20,8,0,2
16567,5,3,0,0
16568,6,2,0,0
16569,0,1,0,1
16570,0,1,0,1
16571,7,1,0,0
16572,10,4,0,0
17674,49,25,1,9
13288,40,19,1,6
17675,10,5,0,1
17676,4,1,0,0
17994,2,1,0,0
17678,0,0,0,0
17679,9,7,0,0
17680,7,2,0,0
17681,12,5,0,1
11444,85,134,2,5
11461,22,34,1,7
11469,17,42,2,7
11752,15,45,4,1
11755,20,54,3,3
11771,38,62,3,3
11777,49,63,1,1
11783,45,56,1,0
11824,28,49,0,1
12086,50,62,0,5
12089,59,68,1,6
11856,114,121,0,5
11850,64,93,0,3
11874,51,81,1,15
11880,81,92,3,21
15528,105,101,4,24
10124,1,1,0,0
10109,3,3,0,0
10111,4,5,0,0
10121,4,2,0,0
10118,7,3,0,1
10292,23,11,0,4
18057,4,5,1,0
15715,12,3,0,1
18055,4,2,0,1
15722,0,0,0,0
18098,0,0,0,0
18097,0,0,0,0
18099,0,0,0,0
18058,0,0,0,0
13379,9,8,0,0
16749,5,1,0,1
13381,11,3,0,0
13382,12,3,0,0
16163,9,2,0,0
16171,3,1,0,3
16172,0,2,0,0
16175,2,2,0,0
16176,4,5,0,0
16177,4,5,0,0
16178,4,4,0,1
16179,4,2,0,0
16180,9,5,0,0
14161,30,12,1,3
14162,26,15,1,3
13835,9,4,0,0
13836,8,3,0,1
13837,9,3,0,1
17340,6,1,0,0
13840,0,0,0,0
13841,0,0,0,0
13842,2,1,0,0
15026,80,32,0,14
16275,21,12,0,3
16276,26,13,1,4
16277,16,10,1,4
16159,40,17,0,14
16278,39,18,0,17
16279,54,24,0,17
16280,45,29,1,13
16281,22,20,0,5
16282,12,13,0,2
16283,4,6,0,3
16284,2,3,0,1
16285,10,11,1,2
16286,17,11,1,1
16287,17,11,1,1
16288,23,18,3,3
11190,96,169,3,6
11203,79,49,4,23
10893,44,21,0,15
10894,97,30,0,16
10897,111,32,0,17
11246,64,28,1,7
11296,85,77,2,11
17615,64,49,2,3
11388,0,1,0,1
17690,2,4,0,0
11386,8,4,0,0
11380,14,3,1,0
11678,7,1,0,0
16796,14,13,0,5
15424,26,39,1,7
15425,35,33,1,8
15083,8,7,0,4
15084,13,7,0,3
11720,14,8,0,2
11722,33,17,0,8
19725,40,21,0,13
11740,10,10,0,10
11736,10,26,0,6
11765,17,39,2,3
11756,20,55,2,3
11758,44,53,2,5
11761,65,53,2,5
16789,5,0,0,0
16744,1,0,0,0
16790,3,0,0,0
16745,3,0,0,0
14488,5,1,0,0
16229,8,4,0,4
16226,2,3,4,13
16227,7,4,3,2
16230,9,5,0,0
16231,9,4,0,0
16232,1,1,0,0
16233,0,0,0,0
16234,0,0,0,0
16235,4,2,0,0
16236,6,2,0,0
16237,3,3,0,2
16238,10,6,0,4
16239,2,1,0,0
16240,1,1,0,0
16241,1,1,0,0
16242,3,2,0,0
16243,3,2,0,0
16244,0,1,0,0
16245,4,3,0,0
16246,4,3,0,0
