linea,mezzo,percorso,orario,tipo_giorno,inizio,fine,corse_gior,corse_punt,corse_morb,corse_sera,next_day
48,BUS,8989,INV2021-2022,L,425,1295,29,4,4,0,False
39,BUS,11333,INV2021-2022,F,385,1317,49,5,5,0,False
80,BUS,8119,INV2021-2022,F,85,315,8,0,0,0,False
925,BUS,7691,INV2021-2022,F,460,1189,15,2,3,0,False
115,BUS,10025,INV2021-2022,S,88,351,9,0,0,0,False
41,BUS,12712,INV2021-2022,F,363,43,52,5,5,6,True
925,BUS,7691,INV2021-2022,L,432,1206,35,5,6,0,False
70,BUS,9216,INV2021-2022,L,327,123,43,1,0,6,True
59,BUS,11344,INV2021-2022,S,1195,1319,8,0,0,0,False
566,BUS,12394,INV2021-2022,S,330,1145,16,4,1,0,False
561,BUS,9306,INV2021-2022,F,600,1053,4,0,2,0,False
130,BUS,12177,INV2021-2022,S,1035,1182,4,0,0,0,False
16,TRAM,7793,INV2021-2022,F,341,864,7,1,0,0,False
728,BUS,6252,INV2021-2022,L,330,399,2,0,0,0,False
31,TRAM,7214,INV2021-2022,L,340,1425,105,18,10,5,False
34,BUS,11633,INV2021-2022,L,375,1311,78,13,8,0,False
925,BUS,4701,INV2021-2022,L,375,80,32,5,0,4,True
66,BUS,4039,INV2021-2022,L,380,64,40,5,3,5,True
925,BUS,10148,INV2021-2022,F,460,1183,15,2,3,0,False
353,BUS,8839,INV2021-2022,L,405,37,33,6,3,4,True
90,FILOBUS,4086,INV2021-2022,L,55,62,218,41,18,9,False
14,TRAM,12592,INV2021-2022,L,262,1112,25,4,0,0,False
56,BUS,654,INV2021-2022,F,360,128,58,6,5,4,True
70,BUS,10095,INV2021-2022,S,469,1121,64,8,12,0,False
64,BUS,10300,INV2021-2022,F,360,95,62,6,6,5,True
322,BUS,12273,INV2021-2022,L,350,1437,62,14,4,2,False
16,TRAM,12162,INV2021-2022,S,300,116,110,11,11,8,True
702,BUS,9984,INV2021-2022,L,340,1428,55,8,6,3,False
56,BUS,3465,INV2021-2022,S,378,114,79,10,9,5,True
926,BUS,10151,INV2021-2022,L,400,1227,13,3,0,0,False
201,BUS,12132,INV2021-2022,F,370,1232,25,3,3,0,False
9,TRAM,9962,INV2021-2022,F,335,145,114,11,12,10,True
80,BUS,10306,INV2021-2022,L,354,107,86,12,8,6,True
79,BUS,8413,INV2021-2022,S,380,1320,33,5,4,0,False
52,BUS,12894,INV2021-2022,L,360,1360,97,13,11,1,False
542,BUS,7436,INV2021-2022,S,460,1233,14,2,2,0,False
560,BUS,11090,INV2021-2022,S,450,1275,25,3,4,0,False
783,BUS,8332,INV2021-2022,S,365,1274,45,6,6,0,False
12,TRAM,12907,INV2021-2022,L,325,33,108,15,12,6,True
39,BUS,11333,INV2021-2022,L,335,1317,40,1,9,0,False
38,BUS,11994,INV2021-2022,F,375,20,46,4,4,4,True
12,TRAM,12907,INV2021-2022,F,325,33,73,7,7,6,True
33,TRAM,8260,INV2021-2022,S,345,100,90,10,10,6,True
220,BUS,10547,INV2021-2022,L,385,1276,29,4,4,0,False
82,BUS,12963,INV2021-2022,F,385,94,62,7,6,6,True
528,BUS,9320,INV2021-2022,L,516,1344,26,1,4,1,False
58,BUS,11299,INV2021-2022,F,386,102,72,7,7,8,True
65,BUS,9746,INV2021-2022,L,382,1251,57,9,8,0,False
48,BUS,8988,INV2021-2022,L,401,1255,29,4,4,0,False
69,BUS,4405,INV2021-2022,S,380,1274,47,6,6,0,False
82,BUS,9212,INV2021-2022,L,360,63,94,14,10,6,True
121,BUS,4873,INV2021-2022,S,365,848,8,4,0,0,False
560,BUS,9303,INV2021-2022,F,840,1151,3,0,0,0,False
16,TRAM,12162,INV2021-2022,L,300,116,97,12,12,6,True
91,FILOBUS,3578,INV2021-2022,F,55,83,110,9,9,10,False
4,TRAM,9158,INV2021-2022,S,285,96,112,13,13,8,True
172,BUS,3976,INV2021-2022,F,840,1082,5,0,0,0,False
3,TRAM,5065,INV2021-2022,S,327,424,6,0,0,0,False
77,BUS,9443,INV2021-2022,L,381,33,59,8,6,4,True
54,BUS,12145,INV2021-2022,S,85,82,138,18,16,8,True
4,TRAM,3848,INV2021-2022,L,420,1170,33,14,0,0,False
63,BUS,10769,INV2021-2022,L,418,1239,77,14,11,0,False
9,TRAM,4538,INV2021-2022,S,285,96,139,17,16,10,True
201,BUS,10050,INV2021-2022,F,1243,46,18,0,0,9,True
57,BUS,7547,INV2021-2022,L,290,1284,131,22,16,0,False
58,BUS,11299,INV2021-2022,S,386,102,117,15,14,8,True
126,BUS,9970,INV2021-2022,L,60,336,9,0,0,0,False
321,BUS,12293,INV2021-2022,S,352,84,41,6,4,1,True
73,BUS,10111,INV2021-2022,S,330,92,72,8,8,6,True
63,BUS,10770,INV2021-2022,S,373,97,41,14,1,8,True
166,BUS,6142,INV2021-2022,F,360,30,21,2,2,2,True
166,BUS,8842,INV2021-2022,L,335,1190,34,6,4,0,False
728,BUS,7607,INV2021-2022,L,340,79,53,7,5,4,True
12,TRAM,12801,INV2021-2022,L,370,131,107,15,12,6,True
57,BUS,7548,INV2021-2022,F,50,65,21,0,0,7,False
19,TRAM,9366,INV2021-2022,S,347,56,89,11,11,6,True
328,BUS,10537,INV2021-2022,S,390,1302,34,6,4,0,False
73,BUS,10113,INV2021-2022,L,380,1436,27,11,4,2,False
70,BUS,9217,INV2021-2022,F,446,1094,48,7,9,0,False
542,BUS,7435,INV2021-2022,L,380,1210,28,4,4,0,False
925,BUS,4701,INV2021-2022,S,390,78,18,2,0,4,True
12,TRAM,12801,INV2021-2022,F,370,131,76,7,7,6,True
99,BUS,11653,INV2021-2022,L,378,1325,55,8,7,0,False
130,BUS,12179,INV2021-2022,S,410,1022,17,4,3,0,False
88,BUS,5085,INV2021-2022,L,366,1313,47,6,6,0,False
321,BUS,12292,INV2021-2022,S,1191,1315,3,0,0,0,False
2,TRAM,12381,INV2021-2022,F,335,34,79,8,8,8,True
124,BUS,11635,INV2021-2022,F,125,367,9,0,0,0,False
701,BUS,10097,INV2021-2022,S,345,1155,13,4,0,0,False
729,BUS,5843,INV2021-2022,L,320,1196,22,9,0,0,False
171,BUS,7894,INV2021-2022,F,490,1073,76,7,17,0,False
728,BUS,6252,INV2021-2022,S,330,398,2,0,0,0,False
3,TRAM,5065,INV2021-2022,F,327,848,5,0,0,0,False
176,BUS,2983,INV2021-2022,S,487,1077,40,4,8,0,False
14,TRAM,12908,INV2021-2022,F,370,47,83,9,10,8,True
16,TRAM,7796,INV2021-2022,S,1193,126,12,0,0,2,True
77,BUS,9443,INV2021-2022,S,381,33,58,8,7,4,True
31,TRAM,6782,INV2021-2022,F,356,27,64,6,6,5,True
542,BUS,7435,INV2021-2022,S,410,1180,14,2,2,0,False
33,TRAM,7693,INV2021-2022,F,328,136,70,6,7,6,True
42,BUS,8173,INV2021-2022,L,360,26,84,12,9,5,True
69,BUS,4405,INV2021-2022,L,431,1275,53,10,8,0,False
729,BUS,10109,INV2021-2022,L,350,43,66,8,6,6,True
351,BUS,12021,INV2021-2022,F,905,1232,5,0,0,0,False
27,TRAM,11716,INV2021-2022,S,356,85,105,13,12,8,True
55,BUS,478,INV2021-2022,F,370,1306,11,0,0,0,False
67,BUS,4540,INV2021-2022,S,354,24,103,15,12,7,True
220,BUS,10548,INV2021-2022,S,375,3,34,4,4,2,True
68,BUS,7565,INV2021-2022,S,370,1340,58,8,7,0,False
98,BUS,7814,INV2021-2022,F,352,77,82,8,8,8,True
323,BUS,12283,INV2021-2022,S,355,1300,32,4,4,0,False
31,TRAM,6778,INV2021-2022,F,1290,174,4,0,0,0,True
3,TRAM,5190,INV2021-2022,L,542,108,10,0,0,1,True
90,FILOBUS,3575,INV2021-2022,L,90,117,202,26,18,9,False
353,BUS,8839,INV2021-2022,S,423,37,25,3,2,3,True
965,BUS,7613,INV2021-2022,F,450,1200,12,3,1,0,False
174,BUS,8862,INV2021-2022,F,810,1075,9,0,0,0,False
63,BUS,11198,INV2021-2022,L,392,1197,72,15,11,0,False
75,BUS,5494,INV2021-2022,F,390,1342,43,5,5,1,False
3,TRAM,3275,INV2021-2022,L,360,93,134,18,16,7,True
93,FILOBUS,5484,INV2021-2022,F,370,36,65,7,7,6,True
708,BUS,9825,INV2021-2022,L,431,1221,17,6,0,0,False
84,BUS,9693,INV2021-2022,L,428,84,60,9,7,6,True
327,BUS,12304,INV2021-2022,S,365,32,76,12,10,2,True
56,BUS,654,INV2021-2022,S,360,128,81,10,10,4,True
3,TRAM,3533,INV2021-2022,F,357,127,84,8,8,8,True
176,BUS,2982,INV2021-2022,S,482,1072,40,4,8,0,False
27,TRAM,11709,INV2021-2022,S,327,128,113,14,12,8,True
58,BUS,9878,INV2021-2022,S,365,90,114,15,13,7,True
70,BUS,10095,INV2021-2022,L,466,1134,67,10,11,0,False
700,BUS,8599,INV2021-2022,L,330,1420,83,12,9,3,False
2,TRAM,12381,INV2021-2022,L,308,35,124,17,15,6,True
7,TRAM,8223,INV2021-2022,F,349,132,71,6,6,6,True
166,BUS,6142,INV2021-2022,S,1230,31,4,0,0,2,True
702,BUS,9982,INV2021-2022,F,360,56,19,2,2,2,True
38,BUS,9925,INV2021-2022,L,390,1200,40,7,4,0,False
328,BUS,10539,INV2021-2022,L,375,1291,34,5,4,0,False
38,BUS,11993,INV2021-2022,S,395,1225,36,4,4,0,False
713,BUS,7616,INV2021-2022,L,360,27,82,13,8,4,True
1,TRAM,12560,INV2021-2022,S,345,113,108,13,12,8,True
53,BUS,10077,INV2021-2022,F,345,74,66,6,6,6,True
321,BUS,12292,INV2021-2022,F,1225,1315,2,0,0,0,False
566,BUS,12841,INV2021-2022,S,370,1194,10,1,2,0,False
902,BUS,6291,INV2021-2022,S,375,1244,21,4,2,0,False
3,TRAM,3533,INV2021-2022,S,356,131,124,15,15,8,True
86,BUS,7227,INV2021-2022,S,330,1318,77,11,10,0,False
713,BUS,7616,INV2021-2022,S,360,27,66,8,7,4,True
728,BUS,7608,INV2021-2022,L,385,102,52,6,5,4,True
24,TRAM,11628,INV2021-2022,F,344,150,84,7,7,8,True
57,BUS,7547,INV2021-2022,F,290,1291,95,11,11,0,False
15,TRAM,9901,INV2021-2022,F,330,121,83,8,8,8,True
60,BUS,10084,INV2021-2022,F,355,86,80,8,8,8,True
327,BUS,12309,INV2021-2022,L,343,1437,89,13,10,2,False
701,BUS,7275,INV2021-2022,L,365,1437,47,8,4,4,False
71,BUS,11350,INV2021-2022,S,1298,132,14,0,0,6,True
321,BUS,12290,INV2021-2022,F,415,44,30,4,4,1,True
528,BUS,9320,INV2021-2022,S,416,1344,36,3,5,1,False
542,BUS,7436,INV2021-2022,L,405,1233,28,4,4,0,False
54,BUS,12145,INV2021-2022,F,85,82,97,10,10,8,True
76,BUS,12245,INV2021-2022,S,366,1312,65,9,9,0,False
79,BUS,8413,INV2021-2022,F,830,1320,16,0,0,0,False
220,BUS,10544,INV2021-2022,F,375,1263,15,2,2,0,False
51,BUS,10334,INV2021-2022,S,370,61,79,10,9,8,True
74,BUS,11353,INV2021-2022,S,308,101,108,14,12,8,True
44,BUS,5569,INV2021-2022,F,346,1330,57,7,7,0,False
56,BUS,480,INV2021-2022,S,326,104,81,11,9,4,True
62,BUS,7123,INV2021-2022,L,365,62,96,15,10,6,True
27,TRAM,11713,INV2021-2022,S,1155,148,8,0,0,0,True
924,BUS,10144,INV2021-2022,L,380,1299,23,1,5,0,False
44,BUS,5569,INV2021-2022,S,346,1330,78,9,9,0,False
50,BUS,10074,INV2021-2022,F,85,84,86,8,7,7,True
50,BUS,11297,INV2021-2022,F,115,116,86,8,8,7,False
57,BUS,7547,INV2021-2022,S,290,1291,113,19,14,0,False
14,TRAM,12607,INV2021-2022,L,445,1176,10,6,0,0,False
38,BUS,11994,INV2021-2022,S,375,20,9,0,0,4,True
925,BUS,10148,INV2021-2022,L,418,1212,46,9,5,0,False
2,TRAM,4653,INV2021-2022,L,368,116,122,17,14,6,True
352,BUS,10063,INV2021-2022,S,373,1262,37,7,4,0,False
31,TRAM,6782,INV2021-2022,S,353,27,87,12,10,5,True
91,FILOBUS,4084,INV2021-2022,L,110,113,213,39,18,8,False
93,FILOBUS,5484,INV2021-2022,L,355,36,145,27,16,6,True
42,BUS,8173,INV2021-2022,F,20,26,67,6,5,5,False
87,BUS,8758,INV2021-2022,S,360,56,82,10,10,6,True
924,BUS,9137,INV2021-2022,L,396,10,59,8,8,2,True
50,BUS,11297,INV2021-2022,L,385,116,154,24,16,7,True
73,BUS,10112,INV2021-2022,L,742,1251,19,0,0,0,False
24,TRAM,11684,INV2021-2022,S,307,1041,10,1,0,0,False
201,BUS,12133,INV2021-2022,S,1252,55,18,0,0,9,True
54,BUS,12727,INV2021-2022,L,375,122,164,25,19,6,True
705,BUS,5702,INV2021-2022,L,425,887,11,4,0,0,False
121,BUS,4872,INV2021-2022,S,305,1351,43,4,4,1,False
925,BUS,10149,INV2021-2022,F,435,1152,15,3,2,0,False
924,BUS,10557,INV2021-2022,L,365,1161,21,4,0,0,False
73,BUS,10111,INV2021-2022,F,330,92,82,9,9,6,True
45,BUS,11664,INV2021-2022,L,349,1320,79,15,8,0,False
924,BUS,10556,INV2021-2022,F,360,1419,25,2,2,2,False
44,BUS,6496,INV2021-2022,L,368,1297,79,12,9,0,False
73,BUS,10113,INV2021-2022,F,420,1436,22,3,2,2,False
31,TRAM,7214,INV2021-2022,F,340,1425,63,6,6,5,False
166,BUS,6145,INV2021-2022,S,350,1246,29,4,4,0,False
94,BUS,11522,INV2021-2022,L,375,91,161,27,16,6,True
27,TRAM,11713,INV2021-2022,L,558,148,15,0,1,0,True
46,BUS,11405,INV2021-2022,L,375,1283,67,12,8,0,False
53,BUS,10077,INV2021-2022,L,340,74,102,16,10,6,True
67,BUS,583,INV2021-2022,F,389,59,75,8,8,7,True
43,BUS,4705,INV2021-2022,S,368,85,96,11,11,7,True
73,BUS,10113,INV2021-2022,S,380,1436,33,5,2,2,False
81,BUS,10007,INV2021-2022,S,1315,58,12,0,0,8,True
328,BUS,10536,INV2021-2022,S,605,992,7,0,2,0,False
90,FILOBUS,4086,INV2021-2022,F,55,62,113,10,10,9,False
323,BUS,12283,INV2021-2022,L,350,1295,36,7,4,0,False
927,BUS,12819,INV2021-2022,L,565,1023,16,0,4,0,False
55,BUS,478,INV2021-2022,S,370,1306,13,0,0,0,False
66,BUS,8656,INV2021-2022,F,365,34,35,4,4,3,True
561,BUS,9308,INV2021-2022,L,495,1246,13,1,2,0,False
127,BUS,11722,INV2021-2022,F,88,353,9,0,0,0,False
57,BUS,7543,INV2021-2022,L,1222,100,15,0,0,6,True
31,TRAM,6777,INV2021-2022,L,1425,114,5,0,0,1,True
701,BUS,7275,INV2021-2022,F,365,1436,36,4,4,4,False
124,BUS,11634,INV2021-2022,S,155,347,7,0,0,0,False
171,BUS,7893,INV2021-2022,S,485,1068,76,8,17,0,False
325,BUS,6244,INV2021-2022,F,355,65,94,11,12,4,True
901,BUS,5131,INV2021-2022,L,418,1294,26,4,2,0,False
14,TRAM,12808,INV2021-2022,L,291,121,133,20,15,8,True
24,TRAM,11683,INV2021-2022,L,353,121,153,23,17,8,True
179,BUS,9931,INV2021-2022,S,311,387,4,0,0,0,False
58,BUS,9878,INV2021-2022,F,365,90,72,6,6,7,True
727,BUS,9175,INV2021-2022,S,375,1332,39,6,4,0,False
5,TRAM,6774,INV2021-2022,F,325,127,87,8,8,8,True
729,BUS,10109,INV2021-2022,F,320,42,49,4,4,6,True
88,BUS,8655,INV2021-2022,S,350,1204,34,6,3,0,False
220,BUS,10547,INV2021-2022,F,440,1270,14,2,2,0,False
560,BUS,11090,INV2021-2022,L,420,1300,30,7,4,0,False
727,BUS,12198,INV2021-2022,S,340,1331,39,3,4,0,False
92,FILOBUS,12759,INV2021-2022,L,366,104,131,25,13,6,True
14,TRAM,12809,INV2021-2022,S,1138,166,8,0,0,1,True
171,BUS,7893,INV2021-2022,L,485,1065,41,4,9,0,False
35,BUS,12957,INV2021-2022,F,360,73,57,6,6,6,True
87,BUS,8758,INV2021-2022,F,360,56,61,6,6,6,True
201,BUS,12174,INV2021-2022,F,375,1239,25,3,3,0,False
45,BUS,11664,INV2021-2022,F,347,1320,48,6,6,0,False
83,BUS,6736,INV2021-2022,L,391,1257,48,5,8,0,False
31,TRAM,7212,INV2021-2022,F,19,148,5,0,0,0,False
528,BUS,9362,INV2021-2022,S,396,1174,12,3,1,0,False
708,BUS,9779,INV2021-2022,L,380,1230,45,8,8,0,False
19,TRAM,9367,INV2021-2022,S,288,371,2,0,0,0,False
14,TRAM,12629,INV2021-2022,L,419,1141,10,5,0,0,False
40,BUS,6692,INV2021-2022,S,365,106,98,13,11,6,True
328,BUS,10536,INV2021-2022,L,520,1268,19,1,4,0,False
3,TRAM,5190,INV2021-2022,S,1187,115,6,0,0,0,True
93,FILOBUS,5484,INV2021-2022,S,355,36,92,12,10,6,True
325,BUS,7455,INV2021-2022,L,280,1228,43,5,0,0,False
81,BUS,10007,INV2021-2022,L,1315,58,12,0,0,8,True
70,BUS,10096,INV2021-2022,S,300,89,42,5,0,8,True
39,BUS,11334,INV2021-2022,L,360,1164,46,13,0,0,False
16,TRAM,12163,INV2021-2022,S,82,144,2,0,0,0,False
965,BUS,7612,INV2021-2022,L,345,1380,61,11,5,1,False
63,BUS,11198,INV2021-2022,F,394,1196,60,8,8,0,False
86,BUS,7227,INV2021-2022,L,330,1318,82,10,10,0,False
83,BUS,5795,INV2021-2022,L,1247,70,11,0,0,6,True
55,BUS,10081,INV2021-2022,L,597,1187,11,0,3,0,False
92,FILOBUS,12761,INV2021-2022,S,370,52,94,12,11,7,True
4,TRAM,9158,INV2021-2022,F,285,96,84,7,8,8,True
64,BUS,10089,INV2021-2022,S,359,70,81,12,8,6,True
7,TRAM,8222,INV2021-2022,F,333,116,71,6,6,6,True
56,BUS,3464,INV2021-2022,L,328,91,135,16,20,5,True
45,BUS,11662,INV2021-2022,L,360,1332,80,15,8,0,False
51,BUS,10338,INV2021-2022,L,350,100,93,11,11,6,True
352,BUS,10063,INV2021-2022,L,374,1245,58,10,5,0,False
561,BUS,9305,INV2021-2022,L,420,1358,20,4,2,1,False
201,BUS,12133,INV2021-2022,L,1252,55,18,0,0,9,True
965,BUS,7612,INV2021-2022,S,345,1205,36,8,4,0,False
83,BUS,5795,INV2021-2022,S,1335,70,8,0,0,6,True
87,BUS,8806,INV2021-2022,S,360,85,81,10,10,5,True
35,BUS,12891,INV2021-2022,L,374,65,61,7,7,6,True
73,BUS,10115,INV2021-2022,S,303,60,72,9,7,5,True
19,TRAM,9367,INV2021-2022,L,288,371,2,0,0,0,False
83,BUS,6740,INV2021-2022,L,360,1292,54,6,8,0,False
46,BUS,11405,INV2021-2022,S,375,1283,57,8,8,0,False
70,BUS,9216,INV2021-2022,S,327,123,43,1,0,8,True
75,BUS,5492,INV2021-2022,F,382,1317,42,6,6,0,False
924,BUS,9137,INV2021-2022,S,397,10,16,3,0,2,True
4,TRAM,3851,INV2021-2022,L,445,1189,33,11,0,0,False
7,TRAM,8222,INV2021-2022,L,401,116,50,9,0,6,True
351,BUS,6807,INV2021-2022,S,390,1326,30,8,3,0,False
14,TRAM,12592,INV2021-2022,S,262,423,9,0,0,0,False
15,TRAM,9904,INV2021-2022,S,153,188,16,0,0,1,False
59,BUS,11344,INV2021-2022,L,365,1319,79,11,9,0,False
80,BUS,10306,INV2021-2022,F,356,107,78,8,7,7,True
708,BUS,9779,INV2021-2022,F,390,1224,24,4,4,0,False
80,BUS,8119,INV2021-2022,S,85,1225,60,7,8,0,False
88,BUS,5087,INV2021-2022,F,370,1189,21,3,3,0,False
80,BUS,8119,INV2021-2022,L,403,1271,68,13,9,0,False
78,BUS,10492,INV2021-2022,L,355,1349,81,14,9,0,False
566,BUS,7654,INV2021-2022,L,370,1230,12,1,2,0,False
322,BUS,12271,INV2021-2022,S,370,30,40,8,4,2,True
351,BUS,6807,INV2021-2022,F,870,1197,5,0,0,0,False
79,BUS,9923,INV2021-2022,L,401,1173,24,8,0,0,False
84,BUS,10124,INV2021-2022,S,315,61,54,6,6,8,True
7,TRAM,8223,INV2021-2022,L,418,132,50,9,1,6,True
15,TRAM,9904,INV2021-2022,F,1201,156,8,0,0,0,True
31,TRAM,6777,INV2021-2022,S,1425,114,5,0,0,1,True
55,BUS,478,INV2021-2022,L,370,1306,13,0,0,0,False
63,BUS,10770,INV2021-2022,F,377,97,24,1,0,8,True
166,BUS,6142,INV2021-2022,L,1230,31,4,0,0,2,True
433,BUS,12280,INV2021-2022,F,569,1165,8,0,1,0,False
89,BUS,6798,INV2021-2022,L,605,958,4,0,2,0,False
176,BUS,2982,INV2021-2022,L,482,1072,40,4,8,0,False
99,BUS,11653,INV2021-2022,S,378,1325,32,4,4,0,False
10,TRAM,10933,INV2021-2022,S,342,105,115,15,13,8,True
15,TRAM,9903,INV2021-2022,F,282,89,84,8,8,8,True
47,BUS,10072,INV2021-2022,F,384,79,70,7,8,7,True
42,BUS,8174,INV2021-2022,L,387,54,82,12,9,6,True
729,BUS,5843,INV2021-2022,S,390,1216,24,6,0,0,False
165,BUS,10013,INV2021-2022,L,540,32,21,0,4,1,True
322,BUS,12273,INV2021-2022,S,350,1437,40,7,4,2,False
64,BUS,10303,INV2021-2022,L,527,1291,17,1,4,0,False
9,TRAM,9962,INV2021-2022,L,335,145,155,19,18,9,True
69,BUS,4404,INV2021-2022,L,437,1285,53,9,8,0,False
542,BUS,7384,INV2021-2022,L,420,1192,27,5,4,0,False
61,BUS,12142,INV2021-2022,S,375,57,87,11,10,7,True
47,BUS,10072,INV2021-2022,L,384,79,82,13,8,4,True
1,TRAM,12560,INV2021-2022,L,336,111,130,18,15,7,True
925,BUS,4702,INV2021-2022,L,453,1116,30,9,0,0,False
31,TRAM,4842,INV2021-2022,F,320,748,3,0,0,0,False
924,BUS,12336,INV2021-2022,S,490,1198,5,1,0,0,False
705,BUS,5650,INV2021-2022,S,365,1242,27,3,4,0,False
94,BUS,10152,INV2021-2022,L,360,61,151,25,17,5,True
327,BUS,12305,INV2021-2022,L,383,1113,14,2,0,0,False
10,TRAM,10930,INV2021-2022,L,314,51,126,16,15,8,True
560,BUS,11090,INV2021-2022,F,905,1205,3,0,0,0,False
62,BUS,7123,INV2021-2022,S,365,62,80,10,9,6,True
566,BUS,12841,INV2021-2022,L,370,1267,13,2,2,0,False
76,BUS,12245,INV2021-2022,F,366,1312,52,6,6,0,False
712,BUS,12678,INV2021-2022,L,370,50,39,6,4,2,True
35,BUS,12892,INV2021-2022,S,375,66,56,6,6,6,True
328,BUS,10537,INV2021-2022,F,390,1307,32,4,4,0,False
59,BUS,11346,INV2021-2022,L,390,1309,77,11,10,0,False
66,BUS,6764,INV2021-2022,S,360,75,44,5,5,3,True
901,BUS,5131,INV2021-2022,S,398,1264,19,3,1,0,False
433,BUS,12276,INV2021-2022,F,610,1203,8,0,2,0,False
19,TRAM,9366,INV2021-2022,F,354,55,71,7,7,6,True
34,BUS,11632,INV2021-2022,L,360,1296,78,14,8,0,False
38,BUS,11994,INV2021-2022,L,375,20,9,0,0,4,True
62,BUS,5099,INV2021-2022,S,365,32,78,10,9,6,True
92,FILOBUS,12759,INV2021-2022,F,366,104,70,8,8,7,True
125,BUS,10011,INV2021-2022,F,25,319,11,0,0,0,False
230,BUS,8451,INV2021-2022,S,390,53,29,6,3,2,True
69,BUS,4404,INV2021-2022,F,392,1158,31,4,5,0,False
325,BUS,12389,INV2021-2022,L,310,1192,43,10,0,0,False
783,BUS,9778,INV2021-2022,S,340,1290,47,6,6,0,False
132,BUS,12196,INV2021-2022,L,355,37,49,7,5,2,True
80,BUS,10306,INV2021-2022,S,354,107,70,5,7,7,True
84,BUS,9692,INV2021-2022,F,380,1326,34,4,4,0,False
708,BUS,10386,INV2021-2022,L,390,1251,48,3,7,0,False
127,BUS,11837,INV2021-2022,F,122,328,7,0,0,0,False
83,BUS,6740,INV2021-2022,F,360,1307,56,6,6,0,False
84,BUS,9692,INV2021-2022,L,335,1290,60,9,8,0,False
351,BUS,6807,INV2021-2022,L,390,1327,39,12,3,0,False
924,BUS,10556,INV2021-2022,L,350,1420,60,8,8,2,False
7,TRAM,6791,INV2021-2022,S,333,1213,86,12,12,0,False
81,BUS,6203,INV2021-2022,F,1337,80,12,0,0,7,True
91,FILOBUS,3578,INV2021-2022,L,55,83,197,28,18,10,False
322,BUS,12271,INV2021-2022,F,365,29,19,2,2,2,True
73,BUS,10115,INV2021-2022,L,303,60,100,12,13,5,True
92,FILOBUS,12761,INV2021-2022,L,365,52,122,21,13,6,True
57,BUS,7542,INV2021-2022,S,284,1277,114,18,13,0,False
230,BUS,10567,INV2021-2022,S,390,28,28,6,3,1,True
126,BUS,9971,INV2021-2022,F,100,340,9,0,0,0,False
126,BUS,9970,INV2021-2022,S,60,336,9,0,0,0,False
325,BUS,12390,INV2021-2022,L,370,95,194,32,18,4,True
61,BUS,12142,INV2021-2022,F,375,57,68,8,7,7,True
56,BUS,480,INV2021-2022,F,326,104,59,6,5,4,True
566,BUS,7655,INV2021-2022,S,410,1150,10,1,1,0,False
93,FILOBUS,5482,INV2021-2022,F,400,66,65,7,7,6,True
179,BUS,9929,INV2021-2022,S,375,562,7,5,0,0,False
222,BUS,11656,INV2021-2022,S,391,1356,55,10,6,1,False
327,BUS,12311,INV2021-2022,L,390,1206,19,6,0,0,False
87,BUS,8806,INV2021-2022,L,360,85,70,6,9,5,True
423,BUS,8230,INV2021-2022,S,390,1192,24,5,3,0,False
53,BUS,9632,INV2021-2022,S,360,1052,62,12,11,0,False
542,BUS,7384,INV2021-2022,S,430,1192,27,5,4,0,False
99,BUS,11652,INV2021-2022,F,395,1335,32,4,4,1,False
66,BUS,8658,INV2021-2022,L,360,35,38,6,3,5,True
327,BUS,12310,INV2021-2022,L,418,1160,14,4,0,0,False
48,BUS,8988,INV2021-2022,S,401,1255,29,4,4,0,False
222,BUS,11656,INV2021-2022,L,391,1356,74,12,8,1,False
24,TRAM,11628,INV2021-2022,S,320,150,123,14,12,8,True
153,BUS,12314,INV2021-2022,F,37,400,12,0,0,0,False
322,BUS,12271,INV2021-2022,L,370,30,62,13,4,2,True
40,BUS,11322,INV2021-2022,L,350,103,114,16,13,7,True
220,BUS,10547,INV2021-2022,S,385,1276,29,4,4,0,False
729,BUS,322,INV2021-2022,S,350,83,58,6,6,6,True
27,TRAM,11716,INV2021-2022,F,356,85,85,9,9,8,True
79,BUS,8414,INV2021-2022,S,395,1339,33,5,5,0,False
7,TRAM,7210,INV2021-2022,L,361,1242,71,9,11,0,False
83,BUS,6740,INV2021-2022,S,360,1307,61,8,8,0,False
42,BUS,8173,INV2021-2022,S,20,26,93,10,10,5,False
1,TRAM,9457,INV2021-2022,F,332,131,84,8,8,8,True
78,BUS,10492,INV2021-2022,S,355,1349,64,9,7,0,False
51,BUS,10338,INV2021-2022,S,350,100,83,10,8,7,True
81,BUS,10006,INV2021-2022,S,345,1307,85,14,11,0,False
55,BUS,9941,INV2021-2022,F,374,1305,13,0,0,0,False
69,BUS,3734,INV2021-2022,L,360,1293,62,11,8,0,False
176,BUS,2983,INV2021-2022,L,487,1077,40,4,8,0,False
55,BUS,475,INV2021-2022,F,390,1138,62,9,10,0,False
727,BUS,12198,INV2021-2022,L,340,1331,55,4,4,0,False
74,BUS,11353,INV2021-2022,F,350,101,78,7,8,8,True
926,BUS,10150,INV2021-2022,L,380,1252,13,3,0,0,False
965,BUS,7613,INV2021-2022,L,380,1410,61,12,4,2,False
201,BUS,12174,INV2021-2022,L,365,1239,45,8,4,0,False
44,BUS,6496,INV2021-2022,S,368,1297,73,9,9,0,False
542,BUS,7383,INV2021-2022,F,472,1200,25,3,4,0,False
46,BUS,11343,INV2021-2022,F,383,1292,44,4,4,0,False
55,BUS,479,INV2021-2022,S,415,1176,52,9,9,0,False
68,BUS,7565,INV2021-2022,F,370,1340,54,7,6,0,False
95,BUS,12490,INV2021-2022,L,336,122,141,18,13,8,True
327,BUS,12309,INV2021-2022,S,350,1437,75,12,10,2,False
7,TRAM,7210,INV2021-2022,S,361,1242,86,12,12,0,False
35,BUS,12958,INV2021-2022,S,360,74,57,6,6,6,True
70,BUS,9217,INV2021-2022,L,431,1095,65,14,12,0,False
87,BUS,8758,INV2021-2022,L,360,56,70,6,9,6,True
321,BUS,12290,INV2021-2022,L,340,44,42,9,4,1,True
50,BUS,10075,INV2021-2022,L,993,1045,4,0,0,0,False
94,BUS,10152,INV2021-2022,S,65,61,123,15,14,7,True
353,BUS,8838,INV2021-2022,L,410,23,33,6,3,3,True
14,TRAM,12592,INV2021-2022,F,335,820,6,0,0,0,False
49,BUS,8090,INV2021-2022,S,363,46,116,22,11,8,True
67,BUS,4540,INV2021-2022,L,354,24,120,14,15,7,True
76,BUS,12248,INV2021-2022,F,370,1311,51,7,7,0,False
701,BUS,7181,INV2021-2022,L,375,1174,11,2,0,0,False
783,BUS,8332,INV2021-2022,L,365,1274,51,7,6,0,False
65,BUS,8402,INV2021-2022,L,375,1322,63,8,8,0,False
121,BUS,4242,INV2021-2022,F,455,1372,21,2,2,1,False
728,BUS,7608,INV2021-2022,S,385,102,47,6,5,4,True
175,BUS,11678,INV2021-2022,F,550,768,4,0,3,0,False
424,BUS,4506,INV2021-2022,L,365,1145,11,4,0,0,False
78,BUS,10492,INV2021-2022,F,352,1349,53,6,6,0,False
321,BUS,12292,INV2021-2022,L,468,1315,34,5,4,0,False
700,BUS,10401,INV2021-2022,L,325,1435,82,12,10,3,False
84,BUS,10123,INV2021-2022,F,370,1331,34,4,4,0,False
83,BUS,5804,INV2021-2022,S,1410,129,4,0,0,1,True
76,BUS,12245,INV2021-2022,L,366,1312,73,12,8,0,False
175,BUS,11677,INV2021-2022,S,500,711,4,1,2,0,False
924,BUS,10144,INV2021-2022,S,385,1299,40,5,6,0,False
925,BUS,10149,INV2021-2022,S,435,1173,32,5,5,0,False
16,TRAM,12162,INV2021-2022,F,360,116,84,8,8,8,True
19,TRAM,9398,INV2021-2022,L,285,118,133,18,15,7,True
79,BUS,8414,INV2021-2022,F,376,1339,41,6,6,0,False
140,BUS,12074,INV2021-2022,S,390,1176,13,2,1,0,False
220,BUS,10548,INV2021-2022,F,390,1238,15,2,2,0,False
351,BUS,12021,INV2021-2022,S,425,1377,26,5,3,1,False
924,BUS,10556,INV2021-2022,S,350,1419,16,3,0,2,False
327,BUS,12304,INV2021-2022,L,360,32,93,17,11,2,True
61,BUS,12728,INV2021-2022,S,350,103,95,12,11,7,True
433,BUS,12280,INV2021-2022,L,330,1105,14,2,2,0,False
95,BUS,12491,INV2021-2022,L,309,102,139,15,13,8,True
15,TRAM,9902,INV2021-2022,S,14,1086,17,2,0,0,False
424,BUS,4508,INV2021-2022,S,400,498,4,3,0,0,False
712,BUS,12677,INV2021-2022,L,395,21,38,6,4,2,True
63,BUS,11197,INV2021-2022,L,350,53,93,19,0,8,True
98,BUS,7814,INV2021-2022,S,352,77,99,13,11,8,True
433,BUS,12277,INV2021-2022,L,370,1198,8,0,0,0,False
63,BUS,10769,INV2021-2022,F,420,1244,61,9,9,0,False
93,FILOBUS,5482,INV2021-2022,L,345,66,141,25,15,6,True
528,BUS,9361,INV2021-2022,S,420,1156,11,3,0,0,False
712,BUS,12678,INV2021-2022,S,370,50,35,6,4,2,True
51,BUS,10334,INV2021-2022,F,370,61,63,7,6,8,True
70,BUS,10096,INV2021-2022,F,350,89,35,4,0,8,True
66,BUS,4039,INV2021-2022,S,413,44,27,3,3,3,True
70,BUS,10096,INV2021-2022,L,300,89,42,6,0,6,True
707,BUS,6844,INV2021-2022,L,370,1302,31,4,4,0,False
41,BUS,12712,INV2021-2022,S,358,43,64,8,7,6,True
48,BUS,8989,INV2021-2022,S,425,1295,29,4,4,0,False
84,BUS,9693,INV2021-2022,S,431,84,56,6,6,8,True
121,BUS,4242,INV2021-2022,S,325,1372,43,5,4,1,False
66,BUS,8658,INV2021-2022,F,360,15,35,4,4,3,True
68,BUS,3001,INV2021-2022,L,370,1335,65,9,7,0,False
925,BUS,4703,INV2021-2022,S,425,1211,33,5,5,0,False
115,BUS,9665,INV2021-2022,F,123,326,7,0,0,0,False
121,BUS,4242,INV2021-2022,L,325,1373,70,11,6,1,False
924,BUS,10145,INV2021-2022,L,393,1179,26,9,0,0,False
67,BUS,583,INV2021-2022,L,389,59,124,15,15,7,True
175,BUS,11677,INV2021-2022,F,500,818,6,1,2,0,False
52,BUS,12893,INV2021-2022,S,360,1347,86,12,10,1,False
708,BUS,10386,INV2021-2022,S,390,1236,36,6,5,0,False
729,BUS,10109,INV2021-2022,S,320,42,57,6,6,6,True
965,BUS,7612,INV2021-2022,F,420,1170,12,4,0,0,False
56,BUS,3465,INV2021-2022,F,391,114,56,6,5,5,True
61,BUS,12142,INV2021-2022,L,386,53,91,12,12,6,True
321,BUS,12293,INV2021-2022,L,347,84,39,7,4,1,True
566,BUS,12842,INV2021-2022,S,405,1174,13,2,1,0,False
71,BUS,11358,INV2021-2022,F,1306,160,15,0,0,7,True
2,TRAM,4653,INV2021-2022,S,370,116,112,13,14,8,True
84,BUS,10124,INV2021-2022,L,315,61,61,10,7,6,True
70,BUS,10095,INV2021-2022,F,473,1132,49,6,9,0,False
80,BUS,10304,INV2021-2022,F,105,375,10,0,0,0,False
700,BUS,10401,INV2021-2022,S,355,1435,59,7,8,3,False
353,BUS,8838,INV2021-2022,F,395,22,38,3,3,3,True
561,BUS,9308,INV2021-2022,F,640,1095,4,0,1,0,False
66,BUS,4039,INV2021-2022,F,360,44,37,4,4,3,True
528,BUS,9319,INV2021-2022,F,388,1336,48,6,6,1,False
566,BUS,7657,INV2021-2022,S,430,1190,13,3,2,0,False
566,BUS,12395,INV2021-2022,S,385,1125,12,2,1,0,False
166,BUS,6145,INV2021-2022,L,350,1248,36,5,4,0,False
727,BUS,12198,INV2021-2022,F,340,1331,27,3,3,0,False
728,BUS,6252,INV2021-2022,F,330,397,2,0,0,0,False
423,BUS,8231,INV2021-2022,L,785,1149,7,0,0,0,False
431,BUS,11301,INV2021-2022,L,415,1190,19,1,4,0,False
433,BUS,12276,INV2021-2022,L,445,1251,14,5,2,0,False
50,BUS,10074,INV2021-2022,S,85,84,121,16,12,7,True
125,BUS,10011,INV2021-2022,L,25,319,11,0,0,0,False
121,BUS,4241,INV2021-2022,L,371,1239,30,11,0,0,False
53,BUS,10077,INV2021-2022,S,340,74,95,13,11,6,True
57,BUS,7543,INV2021-2022,S,104,100,24,0,0,8,True
64,BUS,10303,INV2021-2022,S,499,1298,15,2,2,0,False
153,BUS,12493,INV2021-2022,L,25,373,11,0,0,0,False
33,TRAM,8260,INV2021-2022,F,345,100,67,6,7,6,True
82,BUS,9212,INV2021-2022,S,360,63,78,10,9,6,True
47,BUS,12254,INV2021-2022,F,360,66,70,8,7,7,True
54,BUS,12727,INV2021-2022,S,116,122,139,16,14,8,False
87,BUS,8806,INV2021-2022,F,362,85,61,6,6,5,True
322,BUS,12273,INV2021-2022,F,395,1436,18,2,2,2,False
43,BUS,11524,INV2021-2022,L,370,51,109,19,11,6,True
321,BUS,12293,INV2021-2022,F,430,84,31,4,4,1,True
925,BUS,7691,INV2021-2022,S,435,1183,32,5,5,0,False
46,BUS,11343,INV2021-2022,S,383,1292,57,8,8,0,False
65,BUS,8402,INV2021-2022,S,375,1322,62,8,8,0,False
81,BUS,6201,INV2021-2022,F,370,1340,66,8,8,0,False
151,BUS,10036,INV2021-2022,F,90,124,13,0,0,0,False
328,BUS,10539,INV2021-2022,S,385,1281,33,6,4,0,False
71,BUS,11350,INV2021-2022,F,1298,132,14,0,0,6,True
121,BUS,4872,INV2021-2022,L,305,1351,70,11,6,1,False
325,BUS,12390,INV2021-2022,S,370,95,100,14,12,4,True
81,BUS,6203,INV2021-2022,L,1337,80,12,0,0,7,True
121,BUS,4873,INV2021-2022,L,350,1219,30,9,0,0,False
43,BUS,11524,INV2021-2022,S,370,51,93,12,11,6,True
166,BUS,8842,INV2021-2022,S,335,1173,27,4,4,0,False
79,BUS,8413,INV2021-2022,L,380,1320,21,1,5,0,False
176,BUS,2982,INV2021-2022,F,482,1072,40,4,8,0,False
52,BUS,12894,INV2021-2022,F,360,1360,64,8,8,1,False
49,BUS,8093,INV2021-2022,S,360,82,117,20,11,8,True
88,BUS,5087,INV2021-2022,L,370,1204,33,6,3,0,False
165,BUS,9750,INV2021-2022,L,555,67,25,0,4,2,True
41,BUS,12917,INV2021-2022,S,360,18,62,8,7,6,True
56,BUS,654,INV2021-2022,L,363,128,99,14,11,4,True
41,BUS,12712,INV2021-2022,L,358,43,77,9,9,6,True
59,BUS,11345,INV2021-2022,S,365,1201,65,9,9,0,False
713,BUS,7621,INV2021-2022,F,360,27,52,6,6,4,True
53,BUS,9629,INV2021-2022,F,385,67,63,6,6,6,True
66,BUS,8658,INV2021-2022,S,383,15,26,3,3,3,True
15,TRAM,9901,INV2021-2022,L,105,121,144,18,15,8,False
55,BUS,12442,INV2021-2022,S,424,1177,19,4,3,0,False
152,BUS,10042,INV2021-2022,S,70,122,10,0,0,0,False
77,BUS,9439,INV2021-2022,S,392,14,56,8,6,4,True
15,TRAM,9904,INV2021-2022,L,153,155,21,0,0,1,False
90,FILOBUS,3575,INV2021-2022,F,90,117,113,10,10,8,False
73,BUS,10117,INV2021-2022,F,418,32,23,2,2,3,True
90,FILOBUS,3575,INV2021-2022,S,90,117,147,16,16,9,False
81,BUS,6201,INV2021-2022,L,365,1340,92,14,11,0,False
38,BUS,9924,INV2021-2022,F,390,7,45,4,4,5,True
52,BUS,12893,INV2021-2022,F,360,1347,64,8,8,1,False
75,BUS,5494,INV2021-2022,L,369,1347,49,7,6,1,False
165,BUS,9750,INV2021-2022,S,550,67,30,0,4,2,True
433,BUS,12281,INV2021-2022,S,400,474,2,1,0,0,False
58,BUS,11299,INV2021-2022,L,386,102,118,15,16,6,True
71,BUS,11348,INV2021-2022,L,365,1302,94,16,10,0,False
902,BUS,8742,INV2021-2022,F,480,1272,12,1,2,0,False
31,TRAM,7212,INV2021-2022,S,19,148,5,0,0,0,False
80,BUS,9309,INV2021-2022,S,320,107,72,8,7,7,True
179,BUS,9933,INV2021-2022,S,324,557,9,4,0,0,False
702,BUS,9984,INV2021-2022,F,360,1428,18,2,2,2,False
19,TRAM,9367,INV2021-2022,F,288,371,2,0,0,0,False
728,BUS,7607,INV2021-2022,F,345,79,39,4,4,4,True
56,BUS,480,INV2021-2022,L,326,104,100,17,11,4,True
31,TRAM,4842,INV2021-2022,L,320,449,10,1,0,0,False
56,BUS,3465,INV2021-2022,L,353,114,140,16,19,5,True
528,BUS,9362,INV2021-2022,L,396,1255,22,5,2,0,False
5,TRAM,6708,INV2021-2022,F,292,87,88,8,8,8,True
705,BUS,5650,INV2021-2022,L,365,1237,30,3,4,0,False
71,BUS,11348,INV2021-2022,S,365,1300,70,10,9,0,False
98,BUS,9899,INV2021-2022,S,355,107,101,12,10,8,True
132,BUS,12196,INV2021-2022,S,355,37,39,7,4,2,True
327,BUS,12310,INV2021-2022,S,418,1150,9,3,0,0,False
79,BUS,9922,INV2021-2022,L,365,1337,67,9,10,0,False
86,BUS,7225,INV2021-2022,S,360,1335,76,10,10,0,False
84,BUS,10124,INV2021-2022,F,360,61,45,4,4,8,True
729,BUS,322,INV2021-2022,F,360,83,50,4,4,6,True
89,BUS,6802,INV2021-2022,L,400,1242,32,7,3,0,False
81,BUS,10006,INV2021-2022,L,345,1307,93,16,11,0,False
166,BUS,8843,INV2021-2022,F,360,1396,21,2,2,1,False
38,BUS,9925,INV2021-2022,S,390,1191,35,4,4,0,False
702,BUS,9984,INV2021-2022,S,340,1428,34,5,4,2,False
31,TRAM,7214,INV2021-2022,S,340,1425,86,11,10,5,False
60,BUS,9670,INV2021-2022,F,370,118,81,7,8,8,True
127,BUS,11722,INV2021-2022,S,88,353,9,0,0,0,False
124,BUS,11634,INV2021-2022,F,155,347,7,0,0,0,False
171,BUS,7893,INV2021-2022,F,485,1068,76,8,17,0,False
171,BUS,7894,INV2021-2022,L,490,1070,41,4,8,0,False
5,TRAM,6774,INV2021-2022,L,325,127,118,17,12,7,True
81,BUS,10007,INV2021-2022,F,1315,58,12,0,0,8,True
92,FILOBUS,12759,INV2021-2022,S,366,104,99,11,12,7,True
51,BUS,10334,INV2021-2022,L,370,61,89,11,10,6,True
55,BUS,475,INV2021-2022,L,390,1147,60,10,9,0,False
151,BUS,9696,INV2021-2022,L,87,127,12,0,0,0,False
73,BUS,10117,INV2021-2022,S,370,32,34,4,3,3,True
321,BUS,12290,INV2021-2022,S,340,44,40,6,4,1,True
353,BUS,8838,INV2021-2022,S,410,23,25,3,2,3,True
153,BUS,12314,INV2021-2022,L,37,385,11,0,0,0,False
230,BUS,8451,INV2021-2022,L,385,1374,45,11,4,1,False
201,BUS,12133,INV2021-2022,F,1252,55,18,0,0,9,True
44,BUS,6496,INV2021-2022,F,368,1307,54,8,7,0,False
424,BUS,4506,INV2021-2022,S,380,478,4,2,0,0,False
39,BUS,11335,INV2021-2022,F,383,1321,48,5,5,0,False
222,BUS,11657,INV2021-2022,L,290,47,79,10,8,2,True
351,BUS,12021,INV2021-2022,L,421,1381,40,7,3,1,False
34,BUS,11632,INV2021-2022,S,360,1295,52,9,6,0,False
151,BUS,12453,INV2021-2022,F,84,82,11,0,0,0,True
74,BUS,11424,INV2021-2022,L,335,128,126,18,14,6,True
924,BUS,9140,INV2021-2022,L,387,1167,16,5,0,0,False
201,BUS,12132,INV2021-2022,L,370,1242,44,8,4,0,False
924,BUS,12336,INV2021-2022,L,400,1154,14,7,0,0,False
328,BUS,10539,INV2021-2022,F,410,1286,31,4,4,0,False
431,BUS,11304,INV2021-2022,L,390,1165,20,2,3,0,False
65,BUS,9747,INV2021-2022,S,1220,1353,8,0,0,1,False
83,BUS,6737,INV2021-2022,S,1238,1345,6,0,0,0,False
709,BUS,7285,INV2021-2022,L,425,1162,10,3,0,0,False
423,BUS,8056,INV2021-2022,S,480,1229,22,2,3,0,False
712,BUS,12677,INV2021-2022,S,395,21,35,6,4,2,True
152,BUS,10042,INV2021-2022,F,70,122,11,0,0,0,False
73,BUS,10111,INV2021-2022,L,330,92,93,10,12,6,True
80,BUS,9309,INV2021-2022,L,320,107,88,13,8,6,True
42,BUS,8174,INV2021-2022,F,50,54,67,5,6,6,False
151,BUS,11202,INV2021-2022,L,127,125,10,0,0,0,True
924,BUS,9137,INV2021-2022,F,390,8,26,2,2,2,True
92,FILOBUS,12761,INV2021-2022,F,370,52,67,8,7,7,True
38,BUS,11993,INV2021-2022,L,395,1224,42,7,4,0,False
152,BUS,11425,INV2021-2022,S,70,121,11,0,0,0,False
701,BUS,7181,INV2021-2022,S,375,1173,11,2,0,0,False
63,BUS,10770,INV2021-2022,L,373,97,95,21,0,8,True
16,TRAM,7794,INV2021-2022,L,285,36,95,9,12,6,True
783,BUS,9778,INV2021-2022,L,340,1290,54,7,6,0,False
73,BUS,10115,INV2021-2022,F,303,60,84,9,9,5,True
172,BUS,10590,INV2021-2022,F,815,1058,5,0,0,0,False
63,BUS,11197,INV2021-2022,S,350,53,46,12,0,8,True
68,BUS,3001,INV2021-2022,S,370,1335,58,8,8,0,False
705,BUS,5799,INV2021-2022,L,390,1263,46,8,4,0,False
705,BUS,5799,INV2021-2022,S,390,1263,38,6,4,0,False
925,BUS,4701,INV2021-2022,F,390,78,13,1,0,4,True
7,TRAM,8222,INV2021-2022,S,1195,116,18,0,0,6,True
328,BUS,12130,INV2021-2022,S,640,1031,7,0,2,0,False
78,BUS,10491,INV2021-2022,F,360,1347,53,6,6,0,False
14,TRAM,12908,INV2021-2022,S,350,47,107,14,12,8,True
69,BUS,3734,INV2021-2022,F,360,1288,36,4,4,0,False
90,FILOBUS,4086,INV2021-2022,S,55,62,147,16,16,9,False
46,BUS,11405,INV2021-2022,F,375,1283,44,4,4,0,False
201,BUS,12132,INV2021-2022,S,370,1237,37,5,4,0,False
93,FILOBUS,5482,INV2021-2022,S,345,66,92,11,10,6,True
95,BUS,12490,INV2021-2022,S,336,122,107,13,11,8,True
924,BUS,9140,INV2021-2022,S,445,483,2,2,0,0,False
165,BUS,9750,INV2021-2022,F,405,67,22,1,2,2,True
19,TRAM,9366,INV2021-2022,L,343,56,116,16,14,6,True
69,BUS,3732,INV2021-2022,S,372,1308,48,6,7,0,False
561,BUS,9307,INV2021-2022,S,435,1395,17,3,2,1,False
56,BUS,3464,INV2021-2022,F,369,91,56,6,5,5,True
76,BUS,12248,INV2021-2022,L,370,1311,73,12,8,0,False
729,BUS,5844,INV2021-2022,F,282,362,3,0,0,0,False
4,TRAM,9160,INV2021-2022,S,320,131,112,12,12,8,True
151,BUS,10036,INV2021-2022,L,90,124,12,0,0,0,False
55,BUS,12657,INV2021-2022,L,423,986,14,7,0,0,False
83,BUS,5812,INV2021-2022,S,1295,100,13,0,0,8,True
88,BUS,5085,INV2021-2022,S,367,1314,46,6,6,0,False
71,BUS,11357,INV2021-2022,S,360,1330,72,10,9,0,False
49,BUS,8093,INV2021-2022,L,360,81,154,23,17,7,True
59,BUS,11346,INV2021-2022,F,390,1309,61,8,8,0,False
328,BUS,10537,INV2021-2022,L,403,1317,33,6,4,0,False
566,BUS,7655,INV2021-2022,L,410,1150,12,1,2,0,False
115,BUS,10025,INV2021-2022,F,88,351,9,0,0,0,False
121,BUS,4241,INV2021-2022,S,385,879,9,5,0,0,False
81,BUS,10006,INV2021-2022,F,345,1307,65,8,8,0,False
88,BUS,5084,INV2021-2022,L,380,1305,47,6,6,0,False
220,BUS,10545,INV2021-2022,L,320,51,36,4,4,1,True
59,BUS,11346,INV2021-2022,S,1190,1309,8,0,0,0,False
62,BUS,5099,INV2021-2022,L,365,32,95,13,10,6,True
702,BUS,9982,INV2021-2022,L,345,57,56,8,7,3,True
65,BUS,9747,INV2021-2022,L,1219,1353,8,0,0,1,False
68,BUS,7565,INV2021-2022,L,370,1340,66,9,7,0,False
325,BUS,12389,INV2021-2022,S,310,1191,29,6,0,0,False
83,BUS,6736,INV2021-2022,S,393,1251,55,8,8,0,False
174,BUS,12521,INV2021-2022,F,815,1080,9,0,0,0,False
431,BUS,11301,INV2021-2022,S,415,1190,14,1,2,0,False
34,BUS,11632,INV2021-2022,F,360,1295,47,6,6,0,False
69,BUS,4404,INV2021-2022,S,390,1285,47,6,6,0,False
176,BUS,2983,INV2021-2022,F,487,1077,40,4,8,0,False
353,BUS,8839,INV2021-2022,F,407,36,38,2,3,4,True
42,BUS,8174,INV2021-2022,S,50,54,93,10,10,6,False
39,BUS,11335,INV2021-2022,L,357,1321,35,0,9,0,False
68,BUS,3001,INV2021-2022,F,370,1335,54,7,6,0,False
73,BUS,10116,INV2021-2022,L,381,701,16,8,2,0,False
86,BUS,7225,INV2021-2022,L,360,1335,80,9,10,0,False
151,BUS,12453,INV2021-2022,S,84,82,10,0,0,0,True
35,BUS,12957,INV2021-2022,L,360,73,61,7,6,6,True
700,BUS,10401,INV2021-2022,F,350,1434,45,5,5,3,False
707,BUS,11608,INV2021-2022,L,390,1291,30,4,4,0,False
35,BUS,12891,INV2021-2022,F,375,65,56,6,6,6,True
124,BUS,11635,INV2021-2022,S,125,367,9,0,0,0,False
171,BUS,7894,INV2021-2022,S,490,1073,76,7,17,0,False
61,BUS,12728,INV2021-2022,L,350,103,107,15,13,6,True
902,BUS,8742,INV2021-2022,L,384,1267,27,5,2,0,False
65,BUS,9746,INV2021-2022,S,382,1246,56,8,8,0,False
40,BUS,6692,INV2021-2022,F,365,106,75,8,8,6,True
27,TRAM,11713,INV2021-2022,F,1172,148,6,0,0,0,True
60,BUS,9670,INV2021-2022,L,370,118,128,16,16,6,True
81,BUS,6201,INV2021-2022,S,365,1340,85,13,10,0,False
327,BUS,12305,INV2021-2022,S,383,1096,9,3,0,0,False
39,BUS,11336,INV2021-2022,L,388,1200,46,13,0,0,False
79,BUS,9922,INV2021-2022,F,365,1337,58,7,6,0,False
91,FILOBUS,4084,INV2021-2022,F,110,113,110,10,9,8,False
71,BUS,11348,INV2021-2022,F,365,1300,62,8,8,0,False
151,BUS,9696,INV2021-2022,F,87,127,13,0,0,0,False
528,BUS,9319,INV2021-2022,S,388,1336,37,3,6,1,False
433,BUS,12281,INV2021-2022,L,395,1176,8,2,0,0,False
701,BUS,7277,INV2021-2022,S,382,27,43,6,4,3,True
33,TRAM,7693,INV2021-2022,S,328,136,94,11,10,6,True
57,BUS,7548,INV2021-2022,S,50,65,21,0,0,7,False
16,TRAM,7796,INV2021-2022,F,1250,126,8,0,0,2,True
5,TRAM,6708,INV2021-2022,L,292,87,117,18,12,7,True
63,BUS,11197,INV2021-2022,F,357,53,26,0,0,8,True
220,BUS,10548,INV2021-2022,L,370,3,34,4,4,2,True
561,BUS,9306,INV2021-2022,L,400,1234,14,2,2,0,False
55,BUS,479,INV2021-2022,L,415,1178,60,11,9,0,False
64,BUS,10300,INV2021-2022,S,360,95,67,9,7,5,True
151,BUS,11202,INV2021-2022,F,127,125,12,0,0,0,True
3,TRAM,3275,INV2021-2022,S,360,93,121,15,15,8,True
201,BUS,10050,INV2021-2022,S,1243,46,18,0,0,9,True
126,BUS,9971,INV2021-2022,L,100,340,9,0,0,0,False
16,TRAM,12163,INV2021-2022,L,1227,144,3,0,0,0,True
153,BUS,12493,INV2021-2022,F,25,403,12,0,0,0,False
15,TRAM,9903,INV2021-2022,L,56,89,153,24,15,8,False
140,BUS,12073,INV2021-2022,S,350,1113,13,3,2,0,False
38,BUS,9924,INV2021-2022,L,1200,7,9,0,0,5,True
41,BUS,12916,INV2021-2022,L,360,18,75,10,8,6,True
80,BUS,10304,INV2021-2022,L,328,1209,69,13,9,0,False
1,TRAM,12560,INV2021-2022,F,345,110,83,8,7,8,True
925,BUS,4703,INV2021-2022,F,436,1163,15,3,2,0,False
55,BUS,9941,INV2021-2022,S,374,1306,13,0,0,0,False
24,TRAM,11684,INV2021-2022,F,331,870,5,0,0,0,False
140,BUS,12073,INV2021-2022,L,350,1258,23,3,2,0,False
57,BUS,7548,INV2021-2022,L,1266,61,10,0,0,6,True
91,FILOBUS,3578,INV2021-2022,S,55,83,147,16,15,10,False
542,BUS,7383,INV2021-2022,S,437,1200,27,5,4,0,False
925,BUS,10146,INV2021-2022,L,365,66,32,4,0,4,True
12,TRAM,12907,INV2021-2022,S,325,33,103,13,12,6,True
701,BUS,10097,INV2021-2022,L,345,1157,13,4,0,0,False
66,BUS,6764,INV2021-2022,F,375,74,35,4,4,3,True
925,BUS,10149,INV2021-2022,L,433,1172,34,5,7,0,False
713,BUS,7616,INV2021-2022,F,360,27,53,6,6,4,True
4,TRAM,9158,INV2021-2022,L,285,96,118,14,14,8,True
69,BUS,4405,INV2021-2022,F,380,1203,33,5,4,0,False
179,BUS,9934,INV2021-2022,L,544,1256,5,0,0,0,False
67,BUS,583,INV2021-2022,S,389,59,105,14,12,7,True
64,BUS,10089,INV2021-2022,L,359,70,94,15,10,6,True
66,BUS,6764,INV2021-2022,L,360,1375,59,11,5,1,False
31,TRAM,6782,INV2021-2022,L,353,27,110,19,10,5,True
33,TRAM,7693,INV2021-2022,L,328,136,116,15,13,6,True
924,BUS,12337,INV2021-2022,S,425,1309,34,5,5,0,False
78,BUS,10491,INV2021-2022,L,360,1347,80,13,10,0,False
3,TRAM,3533,INV2021-2022,L,359,127,137,17,16,8,True
77,BUS,9439,INV2021-2022,L,391,14,57,8,6,4,True
175,BUS,11678,INV2021-2022,S,550,768,4,0,3,0,False
60,BUS,9670,INV2021-2022,S,370,118,106,12,12,8,True
95,BUS,12491,INV2021-2022,F,323,102,80,8,7,8,True
84,BUS,9693,INV2021-2022,F,404,84,46,4,4,8,True
63,BUS,11213,INV2021-2022,L,411,462,3,1,0,0,False
222,BUS,11657,INV2021-2022,S,290,47,60,10,6,2,True
4,TRAM,9160,INV2021-2022,L,320,131,118,14,14,8,True
83,BUS,6736,INV2021-2022,F,360,1253,52,6,6,0,False
83,BUS,5812,INV2021-2022,L,394,100,33,5,0,8,True
433,BUS,12278,INV2021-2022,L,540,1160,8,0,2,0,False
705,BUS,5702,INV2021-2022,S,442,891,9,3,0,0,False
19,TRAM,9398,INV2021-2022,F,353,118,80,7,7,6,True
98,BUS,9899,INV2021-2022,L,355,107,120,18,13,8,True
707,BUS,11608,INV2021-2022,S,390,1291,30,4,4,0,False
925,BUS,10146,INV2021-2022,S,375,63,19,0,0,4,True
19,TRAM,9398,INV2021-2022,S,285,118,100,11,11,6,True
151,BUS,12453,INV2021-2022,L,84,82,10,0,0,0,True
713,BUS,7621,INV2021-2022,L,365,27,81,14,8,4,True
1,TRAM,9457,INV2021-2022,L,332,130,133,18,15,7,True
69,BUS,3732,INV2021-2022,F,377,1305,36,5,4,0,False
130,BUS,12178,INV2021-2022,L,395,1232,45,8,6,0,False
166,BUS,8843,INV2021-2022,L,1165,1396,5,0,0,1,False
901,BUS,8736,INV2021-2022,S,370,1233,19,4,2,0,False
64,BUS,10089,INV2021-2022,F,366,70,61,6,6,6,True
560,BUS,9303,INV2021-2022,L,330,1252,35,5,4,0,False
57,BUS,7542,INV2021-2022,L,339,1248,130,24,16,0,False
14,TRAM,12809,INV2021-2022,F,1245,163,6,0,0,0,True
433,BUS,12278,INV2021-2022,S,540,1153,2,0,0,0,False
433,BUS,12280,INV2021-2022,S,385,1168,21,2,4,0,False
39,BUS,11336,INV2021-2022,S,387,952,23,10,0,0,False
75,BUS,5492,INV2021-2022,L,355,1317,47,6,6,0,False
48,BUS,8988,INV2021-2022,F,401,1255,29,4,4,0,False
59,BUS,11347,INV2021-2022,S,390,1196,63,9,9,0,False
39,BUS,11334,INV2021-2022,S,360,930,23,8,0,0,False
89,BUS,6796,INV2021-2022,L,380,1261,36,9,2,0,False
79,BUS,8414,INV2021-2022,L,395,1339,46,8,5,0,False
16,TRAM,7793,INV2021-2022,S,272,806,11,1,0,0,False
40,BUS,11322,INV2021-2022,S,350,103,97,12,12,7,True
542,BUS,7383,INV2021-2022,L,427,1200,27,5,4,0,False
16,TRAM,7794,INV2021-2022,S,285,36,106,12,11,7,True
528,BUS,9361,INV2021-2022,L,360,1236,25,6,2,0,False
222,BUS,11656,INV2021-2022,F,405,1356,26,2,2,1,False
352,BUS,5748,INV2021-2022,S,355,1266,38,7,4,0,False
31,TRAM,6778,INV2021-2022,L,491,174,15,4,0,0,True
5,TRAM,6708,INV2021-2022,S,292,87,112,13,12,8,True
14,TRAM,12808,INV2021-2022,S,291,121,111,14,13,8,True
94,BUS,11522,INV2021-2022,S,97,91,128,14,14,8,True
99,BUS,11652,INV2021-2022,S,395,1335,32,4,4,1,False
70,BUS,9217,INV2021-2022,S,436,1086,63,11,12,0,False
5,TRAM,6774,INV2021-2022,S,325,127,111,13,12,8,True
700,BUS,8599,INV2021-2022,S,360,1420,59,7,7,3,False
38,BUS,9924,INV2021-2022,S,1200,7,9,0,0,5,True
55,BUS,12442,INV2021-2022,L,435,1183,24,6,3,0,False
77,BUS,9439,INV2021-2022,F,390,1234,47,5,7,0,False
712,BUS,12678,INV2021-2022,F,370,50,33,4,4,2,True
126,BUS,9971,INV2021-2022,S,100,340,9,0,0,0,False
45,BUS,11662,INV2021-2022,S,360,1332,68,11,8,0,False
126,BUS,9970,INV2021-2022,F,60,336,9,0,0,0,False
423,BUS,8230,INV2021-2022,L,377,1209,39,11,4,0,False
71,BUS,11358,INV2021-2022,L,1306,160,12,0,0,5,True
201,BUS,10050,INV2021-2022,L,1243,46,18,0,0,9,True
542,BUS,7384,INV2021-2022,F,465,1192,25,3,4,0,False
10,TRAM,10930,INV2021-2022,S,314,53,113,13,13,8,True
14,TRAM,12908,INV2021-2022,L,350,47,126,18,15,8,True
65,BUS,8402,INV2021-2022,F,375,1326,57,6,6,0,False
927,BUS,12820,INV2021-2022,L,573,1038,16,0,4,0,False
16,TRAM,7794,INV2021-2022,F,355,36,80,8,8,7,True
49,BUS,8093,INV2021-2022,F,370,82,93,9,9,8,True
230,BUS,10567,INV2021-2022,L,375,1346,43,11,4,0,False
700,BUS,8599,INV2021-2022,F,365,1420,44,5,5,3,False
43,BUS,4705,INV2021-2022,L,368,85,113,18,12,7,True
431,BUS,11304,INV2021-2022,S,390,1164,14,1,2,0,False
88,BUS,5084,INV2021-2022,F,910,1306,12,0,0,0,False
95,BUS,12490,INV2021-2022,F,336,122,81,8,7,8,True
924,BUS,10145,INV2021-2022,S,471,507,1,1,0,0,False
31,TRAM,4842,INV2021-2022,S,320,394,5,0,0,0,False
47,BUS,12254,INV2021-2022,S,360,66,79,10,9,7,True
14,TRAM,12808,INV2021-2022,F,364,124,86,8,9,8,True
54,BUS,12145,INV2021-2022,L,347,82,166,27,19,6,True
2,TRAM,12381,INV2021-2022,S,308,35,114,15,13,8,True
327,BUS,12304,INV2021-2022,F,380,32,49,4,6,2,True
40,BUS,11322,INV2021-2022,F,350,103,75,8,9,7,True
70,BUS,9216,INV2021-2022,F,379,124,36,1,0,8,True
325,BUS,7455,INV2021-2022,S,280,1226,29,4,0,0,False
51,BUS,10338,INV2021-2022,F,350,100,67,7,7,7,True
88,BUS,8655,INV2021-2022,L,350,1204,35,6,3,0,False
727,BUS,9175,INV2021-2022,L,375,1332,49,9,4,0,False
902,BUS,6291,INV2021-2022,L,360,1244,27,6,2,0,False
925,BUS,10147,INV2021-2022,L,446,1106,36,11,0,0,False
327,BUS,12311,INV2021-2022,S,393,1192,16,6,0,0,False
74,BUS,11353,INV2021-2022,L,308,101,127,19,14,6,True
152,BUS,11425,INV2021-2022,L,70,121,11,0,0,0,False
10,TRAM,10933,INV2021-2022,F,342,101,85,8,8,8,True
71,BUS,11358,INV2021-2022,S,1306,160,15,0,0,7,True
76,BUS,12248,INV2021-2022,S,370,1311,65,9,8,0,False
66,BUS,8656,INV2021-2022,L,360,1375,58,11,5,1,False
925,BUS,10146,INV2021-2022,F,375,63,13,0,0,4,True
1,TRAM,9457,INV2021-2022,S,332,134,113,13,13,8,True
50,BUS,10074,INV2021-2022,L,355,84,152,26,15,7,True
43,BUS,11524,INV2021-2022,F,370,51,69,8,7,6,True
3,TRAM,3275,INV2021-2022,F,360,92,82,8,8,7,True
65,BUS,9747,INV2021-2022,F,1222,1353,8,0,0,1,False
115,BUS,9665,INV2021-2022,S,123,326,7,0,0,0,False
151,BUS,11202,INV2021-2022,S,127,125,10,0,0,0,True
61,BUS,12728,INV2021-2022,F,370,103,71,8,8,7,True
79,BUS,9922,INV2021-2022,S,365,1337,68,10,8,0,False
925,BUS,10148,INV2021-2022,S,420,1191,32,5,6,0,False
179,BUS,9934,INV2021-2022,S,544,578,2,0,0,0,False
433,BUS,12282,INV2021-2022,L,581,1211,8,0,2,0,False
561,BUS,9308,INV2021-2022,S,490,1246,13,1,2,0,False
43,BUS,4705,INV2021-2022,F,370,85,71,8,8,7,True
88,BUS,8655,INV2021-2022,F,350,1203,22,3,3,0,False
4,TRAM,9160,INV2021-2022,F,318,130,84,7,7,8,True
16,TRAM,7793,INV2021-2022,L,272,1030,11,0,0,0,False
60,BUS,10084,INV2021-2022,L,355,86,126,17,16,6,True
65,BUS,9746,INV2021-2022,F,382,1245,50,7,7,0,False
83,BUS,6737,INV2021-2022,L,1254,1345,3,0,0,0,False
561,BUS,9307,INV2021-2022,L,435,1395,21,5,2,1,False
34,BUS,11633,INV2021-2022,F,375,1310,47,6,6,0,False
80,BUS,10304,INV2021-2022,S,105,1206,61,7,7,0,False
27,TRAM,11709,INV2021-2022,L,272,128,149,19,15,8,True
220,BUS,10545,INV2021-2022,S,320,51,36,4,4,1,True
140,BUS,12074,INV2021-2022,L,390,1214,21,6,2,0,False
24,TRAM,11683,INV2021-2022,S,353,121,113,14,12,8,True
561,BUS,9305,INV2021-2022,S,400,1358,18,4,2,1,False
47,BUS,12254,INV2021-2022,L,360,71,85,13,9,5,True
99,BUS,11652,INV2021-2022,L,395,1335,55,8,8,1,False
705,BUS,5785,INV2021-2022,L,537,1285,6,1,0,0,False
9,TRAM,9962,INV2021-2022,S,335,146,139,15,15,12,True
327,BUS,12306,INV2021-2022,L,398,1219,19,4,0,0,False
24,TRAM,11683,INV2021-2022,F,367,121,79,6,8,8,True
151,BUS,10036,INV2021-2022,S,90,124,12,0,0,0,False
15,TRAM,9903,INV2021-2022,S,56,89,131,17,15,8,False
53,BUS,9629,INV2021-2022,L,360,67,99,15,11,6,True
71,BUS,11357,INV2021-2022,F,368,1330,63,8,8,0,False
75,BUS,5494,INV2021-2022,S,369,1347,44,5,5,1,False
60,BUS,10084,INV2021-2022,S,355,86,105,13,12,8,True
66,BUS,8656,INV2021-2022,S,360,35,43,5,5,3,True
52,BUS,12894,INV2021-2022,S,360,1360,86,12,11,1,False
925,BUS,4703,INV2021-2022,L,424,1219,45,9,5,0,False
83,BUS,5804,INV2021-2022,F,1410,129,4,0,0,1,True
561,BUS,9306,INV2021-2022,S,540,1234,12,0,2,0,False
423,BUS,8057,INV2021-2022,L,395,545,6,5,0,0,False
31,TRAM,6777,INV2021-2022,F,1425,114,5,0,0,1,True
709,BUS,6567,INV2021-2022,L,405,1142,10,3,0,0,False
82,BUS,12963,INV2021-2022,S,385,94,78,9,9,6,True
220,BUS,10544,INV2021-2022,S,370,1259,29,4,4,0,False
88,BUS,5087,INV2021-2022,S,370,1203,32,6,3,0,False
71,BUS,11357,INV2021-2022,L,360,1326,95,16,10,0,False
222,BUS,7891,INV2021-2022,L,370,412,2,0,0,0,False
41,BUS,12916,INV2021-2022,F,360,18,51,6,6,6,True
45,BUS,11664,INV2021-2022,S,349,1320,67,10,8,0,False
230,BUS,8451,INV2021-2022,F,535,1278,10,1,2,0,False
965,BUS,7613,INV2021-2022,S,380,1240,36,8,4,0,False
77,BUS,9443,INV2021-2022,F,386,1213,46,5,7,0,False
701,BUS,7275,INV2021-2022,S,365,1437,42,6,4,4,False
55,BUS,479,INV2021-2022,F,415,1165,62,9,10,0,False
48,BUS,8989,INV2021-2022,F,425,1294,29,4,4,0,False
705,BUS,5785,INV2021-2022,S,535,1285,4,1,0,0,False
47,BUS,10072,INV2021-2022,S,384,79,79,10,9,7,True
57,BUS,7542,INV2021-2022,F,314,1263,96,12,12,0,False
83,BUS,6737,INV2021-2022,F,1240,1347,6,0,0,0,False
64,BUS,10300,INV2021-2022,L,360,95,81,15,6,5,True
39,BUS,11333,INV2021-2022,S,335,1317,42,2,6,0,False
95,BUS,12491,INV2021-2022,S,309,102,105,13,11,8,True
98,BUS,7814,INV2021-2022,L,352,77,119,17,13,8,True
12,TRAM,12801,INV2021-2022,S,370,131,107,13,12,6,True
327,BUS,12306,INV2021-2022,S,410,1186,15,4,0,0,False
15,TRAM,9901,INV2021-2022,S,105,153,130,15,15,8,False
75,BUS,5492,INV2021-2022,S,382,1317,42,6,6,0,False
712,BUS,12677,INV2021-2022,F,395,21,32,4,4,2,True
2,TRAM,4653,INV2021-2022,F,370,115,81,8,8,8,True
31,TRAM,7212,INV2021-2022,L,19,148,5,0,0,0,False
230,BUS,10567,INV2021-2022,F,490,1238,10,1,1,0,False
83,BUS,5795,INV2021-2022,F,1335,70,8,0,0,6,True
433,BUS,12277,INV2021-2022,S,780,1186,2,0,0,0,False
121,BUS,4872,INV2021-2022,F,435,1351,21,3,3,1,False
34,BUS,11633,INV2021-2022,S,375,1310,52,9,6,0,False
50,BUS,11297,INV2021-2022,S,115,116,119,16,12,7,False
708,BUS,9779,INV2021-2022,S,380,1229,35,9,4,0,False
27,TRAM,11709,INV2021-2022,F,328,128,91,10,9,8,True
15,TRAM,9902,INV2021-2022,L,14,1061,30,3,0,0,False
58,BUS,9878,INV2021-2022,L,365,90,118,15,16,6,True
729,BUS,322,INV2021-2022,L,350,83,70,10,6,6,True
165,BUS,10013,INV2021-2022,F,375,32,21,2,1,1,True
40,BUS,6692,INV2021-2022,L,365,106,115,19,13,6,True
424,BUS,4508,INV2021-2022,L,390,1172,11,5,0,0,False
3,TRAM,5190,INV2021-2022,F,1263,107,5,0,0,1,True
15,TRAM,9902,INV2021-2022,F,246,878,9,0,0,0,False
55,BUS,9941,INV2021-2022,L,374,1306,16,0,0,0,False
86,BUS,7225,INV2021-2022,F,360,1335,60,8,7,0,False
59,BUS,11344,INV2021-2022,F,365,1319,63,8,8,0,False
71,BUS,11350,INV2021-2022,L,1306,132,11,0,0,5,True
153,BUS,12314,INV2021-2022,S,37,385,11,0,0,0,False
7,TRAM,8223,INV2021-2022,S,1212,132,18,0,0,6,True
433,BUS,12276,INV2021-2022,S,450,1214,20,3,4,0,False
9,TRAM,4538,INV2021-2022,F,285,94,114,12,12,9,True
10,TRAM,10930,INV2021-2022,F,314,50,83,8,8,8,True
39,BUS,11335,INV2021-2022,S,357,1321,39,0,7,0,False
63,BUS,10769,INV2021-2022,S,420,1245,74,10,12,0,False
165,BUS,10013,INV2021-2022,S,550,32,27,0,4,1,True
151,BUS,9696,INV2021-2022,S,87,127,12,0,0,0,False
57,BUS,7543,INV2021-2022,F,104,100,25,0,0,8,True
566,BUS,12842,INV2021-2022,L,405,1174,14,2,2,0,False
7,TRAM,6791,INV2021-2022,L,333,1212,71,10,11,0,False
49,BUS,8090,INV2021-2022,F,375,46,88,10,9,8,True
323,BUS,12402,INV2021-2022,S,353,1276,31,4,4,0,False
73,BUS,10117,INV2021-2022,L,370,32,28,0,2,3,True
16,TRAM,7796,INV2021-2022,L,569,126,10,0,1,2,True
16,TRAM,12163,INV2021-2022,F,82,144,2,0,0,0,False
220,BUS,10545,INV2021-2022,F,345,1225,15,2,2,0,False
328,BUS,12130,INV2021-2022,L,584,1065,16,0,4,0,False
81,BUS,6203,INV2021-2022,S,1337,80,12,0,0,7,True
566,BUS,7653,INV2021-2022,L,330,1263,18,2,1,0,False
729,BUS,5844,INV2021-2022,L,282,1199,28,8,0,0,False
84,BUS,10123,INV2021-2022,S,335,1331,49,6,6,0,False
80,BUS,9309,INV2021-2022,F,320,107,81,8,8,7,True
566,BUS,7653,INV2021-2022,S,390,1182,16,3,1,0,False
89,BUS,6803,INV2021-2022,L,663,1021,4,0,1,0,False
727,BUS,9177,INV2021-2022,F,375,1332,26,3,3,0,False
127,BUS,11837,INV2021-2022,S,122,328,7,0,0,0,False
55,BUS,10081,INV2021-2022,S,453,1165,18,3,3,0,False
79,BUS,4243,INV2021-2022,L,426,1195,25,7,0,0,False
323,BUS,12283,INV2021-2022,F,360,1284,16,2,2,0,False
132,BUS,11825,INV2021-2022,S,381,66,39,8,4,2,True
63,BUS,11198,INV2021-2022,S,395,1202,71,11,12,0,False
27,TRAM,11716,INV2021-2022,L,298,85,134,19,15,8,True
91,FILOBUS,4084,INV2021-2022,S,110,113,147,16,15,8,False
130,BUS,12176,INV2021-2022,S,380,1022,18,4,3,0,False
44,BUS,5569,INV2021-2022,L,346,1330,89,14,9,0,False
31,TRAM,6778,INV2021-2022,S,529,174,6,1,0,0,True
179,BUS,9933,INV2021-2022,L,324,1212,19,4,0,0,False
433,BUS,12282,INV2021-2022,S,581,623,1,0,0,0,False
528,BUS,9319,INV2021-2022,L,588,1336,23,0,4,1,False
566,BUS,7657,INV2021-2022,L,430,1190,15,3,3,0,False
323,BUS,12402,INV2021-2022,F,395,1260,15,2,2,0,False
49,BUS,8090,INV2021-2022,L,363,48,145,25,16,7,True
82,BUS,9212,INV2021-2022,F,360,63,62,6,5,6,True
78,BUS,10491,INV2021-2022,S,360,1347,63,8,8,0,False
125,BUS,10011,INV2021-2022,S,25,319,11,0,0,0,False
14,TRAM,12809,INV2021-2022,L,504,166,21,3,0,2,True
74,BUS,11424,INV2021-2022,F,380,129,79,8,8,8,True
55,BUS,475,INV2021-2022,S,389,1150,53,8,8,0,False
94,BUS,11522,INV2021-2022,F,97,91,85,8,7,8,True
325,BUS,6244,INV2021-2022,L,347,65,193,34,18,4,True
728,BUS,7607,INV2021-2022,S,340,79,48,6,5,4,True
560,BUS,9303,INV2021-2022,S,330,1222,29,4,4,0,False
33,TRAM,8260,INV2021-2022,L,345,100,110,14,12,6,True
84,BUS,9692,INV2021-2022,S,1005,1325,14,0,0,0,False
84,BUS,10123,INV2021-2022,L,335,1315,61,9,8,0,False
82,BUS,12963,INV2021-2022,L,385,94,95,13,10,6,True
98,BUS,9899,INV2021-2022,F,355,107,84,8,8,8,True
46,BUS,11343,INV2021-2022,L,383,1292,67,12,8,0,False
729,BUS,5844,INV2021-2022,S,282,1182,24,5,0,0,False
924,BUS,12337,INV2021-2022,L,414,1311,35,4,5,0,False
56,BUS,3464,INV2021-2022,S,367,91,79,10,9,5,True
94,BUS,10152,INV2021-2022,F,65,61,82,8,8,7,True
152,BUS,10042,INV2021-2022,L,70,122,10,0,0,0,False
166,BUS,8843,INV2021-2022,S,1160,1396,5,0,0,1,False
528,BUS,9320,INV2021-2022,F,396,1344,48,6,6,1,False
62,BUS,5099,INV2021-2022,F,365,32,56,6,5,6,True
153,BUS,12493,INV2021-2022,S,25,343,10,0,0,0,False
566,BUS,7654,INV2021-2022,S,370,1230,10,1,2,0,False
713,BUS,7621,INV2021-2022,S,1020,27,23,0,0,4,True
321,BUS,12296,INV2021-2022,L,348,1219,39,8,4,0,False
566,BUS,12395,INV2021-2022,L,385,1125,13,2,1,0,False
62,BUS,7123,INV2021-2022,F,375,62,57,6,6,6,True
924,BUS,10557,INV2021-2022,S,380,806,8,3,0,0,False
86,BUS,7227,INV2021-2022,F,330,1318,61,8,7,0,False
708,BUS,10389,INV2021-2022,L,402,1191,14,4,0,0,False
67,BUS,4540,INV2021-2022,F,354,24,75,9,7,7,True
323,BUS,12402,INV2021-2022,L,353,1270,34,4,4,0,False
728,BUS,7608,INV2021-2022,F,395,102,38,4,4,4,True
9,TRAM,4538,INV2021-2022,L,285,93,155,22,18,8,True
69,BUS,3732,INV2021-2022,L,371,1308,61,9,8,0,False
99,BUS,11653,INV2021-2022,F,378,1325,32,4,4,0,False
88,BUS,5085,INV2021-2022,F,891,1314,13,0,0,0,False
201,BUS,12174,INV2021-2022,S,365,1239,37,6,4,0,False
423,BUS,8056,INV2021-2022,L,415,1251,41,5,4,0,False
3,TRAM,5065,INV2021-2022,L,326,1077,10,1,0,0,False
45,BUS,11662,INV2021-2022,F,370,1334,47,6,6,0,False
179,BUS,9929,INV2021-2022,L,375,1241,19,5,0,0,False
220,BUS,10544,INV2021-2022,L,370,1260,29,4,4,0,False
707,BUS,6844,INV2021-2022,S,370,1302,31,4,4,0,False
901,BUS,8736,INV2021-2022,L,390,1263,26,6,2,0,False
701,BUS,7277,INV2021-2022,L,382,27,48,8,4,3,True
132,BUS,11825,INV2021-2022,L,381,66,49,8,6,2,True
902,BUS,8742,INV2021-2022,S,399,1267,21,4,2,0,False
179,BUS,9931,INV2021-2022,L,311,936,5,0,0,0,False
222,BUS,11657,INV2021-2022,F,360,47,29,2,2,2,True
69,BUS,3734,INV2021-2022,S,360,1293,48,7,6,0,False
423,BUS,8231,INV2021-2022,S,815,846,1,0,0,0,False
83,BUS,5812,INV2021-2022,F,1295,100,13,0,0,8,True
10,TRAM,10933,INV2021-2022,L,342,101,130,15,15,8,True
52,BUS,12893,INV2021-2022,L,360,1347,98,15,11,1,False
74,BUS,11424,INV2021-2022,S,335,129,108,13,12,8,True
83,BUS,5804,INV2021-2022,L,1410,129,4,0,0,1,True
325,BUS,12390,INV2021-2022,F,380,95,94,10,11,4,True
702,BUS,9982,INV2021-2022,S,1024,56,14,0,0,2,True
325,BUS,6244,INV2021-2022,S,347,65,100,15,12,4,True
708,BUS,10386,INV2021-2022,F,390,1255,25,4,4,0,False
88,BUS,5084,INV2021-2022,S,380,1306,46,6,6,0,False
24,TRAM,11628,INV2021-2022,L,320,150,170,25,18,8,True
423,BUS,8057,INV2021-2022,S,400,484,3,2,0,0,False
54,BUS,12727,INV2021-2022,F,116,122,98,9,9,8,False
327,BUS,12309,INV2021-2022,F,350,1437,52,4,6,2,False
701,BUS,7277,INV2021-2022,F,385,27,36,4,4,3,True
24,TRAM,11684,INV2021-2022,L,307,997,17,2,0,0,False
352,BUS,5748,INV2021-2022,L,350,1270,61,11,5,0,False
902,BUS,6294,INV2021-2022,F,450,1250,12,2,1,0,False
130,BUS,12177,INV2021-2022,L,365,1197,45,8,5,0,False
152,BUS,11425,INV2021-2022,F,70,121,11,0,0,0,False
566,BUS,12394,INV2021-2022,L,330,1230,18,4,1,0,False
53,BUS,9629,INV2021-2022,S,1029,67,30,0,0,6,True
130,BUS,12178,INV2021-2022,S,1030,1222,5,0,0,0,False
1,METRO,100013,INV2021-2022,L,340,385,2,0,0,0,False
2,METRO,100059,INV2021-2022,S,345,67,60,0,11,8,True
2,METRO,100066,INV2021-2022,L,570,1059,4,0,0,0,False
2,METRO,100073,INV2021-2022,F,360,59,41,4,4,0,True
1,METRO,100034,INV2021-2022,L,13,52,1,0,0,0,False
2,METRO,100048,INV2021-2022,L,340,91,110,23,9,0,True
2,METRO,100045,INV2021-2022,S,546,16,56,0,12,7,True
5,METRO,100089,INV2021-2022,L,340,25,279,39,30,20,True
2,METRO,100070,INV2021-2022,F,381,387,1,0,0,0,False
2,METRO,100053,INV2021-2022,S,1200,30,7,0,0,4,True
2,METRO,100066,INV2021-2022,F,484,732,8,2,4,0,False
1,METRO,100033,INV2021-2022,F,375,55,89,8,10,8,True
2,METRO,100066,INV2021-2022,S,391,1282,7,3,0,0,False
2,METRO,100067,INV2021-2022,L,350,1398,111,22,11,2,False
1,METRO,100033,INV2021-2022,L,340,55,162,26,16,7,True
2,METRO,100045,INV2021-2022,L,605,16,42,0,9,7,True
2,METRO,100058,INV2021-2022,L,347,1032,16,4,0,0,False
2,METRO,100074,INV2021-2022,L,557,33,8,0,0,4,True
2,METRO,100060,INV2021-2022,S,1256,1293,1,0,0,0,False
1,METRO,100013,INV2021-2022,F,369,409,1,0,0,0,False
2,METRO,100060,INV2021-2022,L,1392,48,3,0,0,2,True
3,METRO,100081,INV2021-2022,F,360,50,155,15,16,13,True
2,METRO,100052,INV2021-2022,F,365,58,20,3,4,4,True
1,METRO,100034,INV2021-2022,S,13,52,1,0,0,0,False
1,METRO,100038,INV2021-2022,L,354,1042,13,4,0,0,False
2,METRO,100070,INV2021-2022,L,368,374,1,0,0,0,False
1,METRO,100013,INV2021-2022,S,340,380,1,0,0,0,False
1,METRO,100030,INV2021-2022,L,350,54,165,26,16,8,True
2,METRO,100067,INV2021-2022,F,367,48,38,2,0,4,True
3,METRO,100082,INV2021-2022,L,340,53,236,36,25,13,True
2,METRO,100050,INV2021-2022,F,435,63,3,1,0,1,True
5,METRO,100084,INV2021-2022,S,340,23,254,30,30,20,True
1,METRO,100038,INV2021-2022,S,360,417,5,0,0,0,False
2,METRO,100095,INV2021-2022,S,375,429,1,0,0,0,False
2,METRO,100053,INV2021-2022,L,558,30,11,0,1,4,True
2,METRO,100060,INV2021-2022,F,499,1322,9,2,4,0,False
2,METRO,100067,INV2021-2022,S,350,48,65,9,6,4,True
2,METRO,100077,INV2021-2022,L,994,1065,2,0,0,0,False
2,METRO,100073,INV2021-2022,S,355,59,62,12,6,0,True
2,METRO,100058,INV2021-2022,F,352,740,3,0,0,0,False
2,METRO,100058,INV2021-2022,S,347,1007,5,0,0,0,False
1,METRO,100034,INV2021-2022,F,13,52,1,0,0,0,False
2,METRO,100047,INV2021-2022,F,431,1327,26,1,0,0,False
2,METRO,100052,INV2021-2022,S,350,58,69,12,6,4,True
1,METRO,100043,INV2021-2022,L,1020,1060,1,0,0,0,False
2,METRO,100059,INV2021-2022,F,365,67,51,4,4,8,True
2,METRO,100080,INV2021-2022,L,368,372,1,0,0,0,False
2,METRO,100048,INV2021-2022,F,360,91,17,3,4,0,True
3,METRO,100082,INV2021-2022,S,340,53,183,22,22,13,True
5,METRO,100084,INV2021-2022,F,360,23,251,30,30,20,True
5,METRO,100084,INV2021-2022,L,340,25,279,39,30,20,True
2,METRO,100052,INV2021-2022,L,350,1350,108,23,9,0,False
2,METRO,100070,INV2021-2022,S,369,375,1,0,0,0,False
2,METRO,100095,INV2021-2022,L,1004,1060,1,0,0,0,False
2,METRO,100080,INV2021-2022,S,368,372,1,0,0,0,False
2,METRO,100059,INV2021-2022,L,345,67,48,0,8,8,True
2,METRO,100047,INV2021-2022,S,346,1273,4,0,0,0,False
2,METRO,100045,INV2021-2022,F,380,16,57,6,8,7,True
1,METRO,100033,INV2021-2022,S,340,55,132,15,16,7,True
1,METRO,100035,INV2021-2022,L,343,36,166,25,16,8,True
1,METRO,100002,INV2021-2022,F,380,47,89,9,10,8,True
2,METRO,100050,INV2021-2022,L,589,63,8,0,1,4,True
2,METRO,100073,INV2021-2022,L,355,59,110,22,10,0,True
5,METRO,100089,INV2021-2022,S,340,23,254,30,30,20,True
1,METRO,100035,INV2021-2022,S,346,36,130,16,16,8,True
1,METRO,100043,INV2021-2022,S,399,437,1,0,0,0,False
2,METRO,100080,INV2021-2022,F,366,370,1,0,0,0,False
1,METRO,100042,INV2021-2022,L,384,1063,5,0,0,0,False
1,METRO,100023,INV2021-2022,L,386,420,1,0,0,0,False
1,METRO,100002,INV2021-2022,S,350,47,132,16,16,8,True
2,METRO,100047,INV2021-2022,L,346,1278,10,0,1,0,False
2,METRO,100074,INV2021-2022,S,380,33,10,0,0,4,True
1,METRO,100002,INV2021-2022,L,350,47,167,26,16,8,True
1,METRO,100035,INV2021-2022,F,379,36,118,10,15,8,True
5,METRO,100089,INV2021-2022,F,360,23,251,30,30,20,True
1,METRO,100030,INV2021-2022,S,350,54,131,16,16,8,True
2,METRO,100050,INV2021-2022,S,1222,63,4,0,0,1,True
1,METRO,100043,INV2021-2022,F,745,783,1,0,0,0,False
1,METRO,100038,INV2021-2022,F,393,551,3,1,0,0,False
2,METRO,100048,INV2021-2022,S,340,91,67,12,6,0,True
2,METRO,100053,INV2021-2022,F,416,30,30,0,0,4,True
2,METRO,100074,INV2021-2022,F,1235,33,6,0,0,4,True
2,METRO,100077,INV2021-2022,S,389,439,1,0,0,0,False
3,METRO,100081,INV2021-2022,L,345,50,236,34,25,13,True
3,METRO,100081,INV2021-2022,S,345,50,183,22,21,13,True
3,METRO,100082,INV2021-2022,F,360,53,155,16,15,13,True
1,METRO,100030,INV2021-2022,F,383,54,119,10,15,8,True
