linea;mezzo;percorso;verso;nome;tipo_perc;lung_km;num_ferm;LONG_X_4326_CENTROID;LAT_Y_4326_CENTROID;Location
1;TRAM;12560;Di;Roserio - Greco;Canonico;13.82;48;9.16974100864072;45.4859750999615;"(45.4859750999615, 9.16974100864072)"
1;TRAM;9457;As;Greco - Roserio;Canonico;13.97;47;9.16941433348211;45.4863116993006;"(45.4863116993006, 9.16941433348211)"
10;TRAM;10930;As;Lunigiana - 24 Maggio (LAV. MONUMENTALE);Canonico;10.12;35;9.17806739004007;45.4753045559618;"(45.4753045559618, 9.17806739004007)"
10;TRAM;10933;Di;24 Maggio - Lunigiana (LAV. MONUMENTALE);Canonico;9.99;35;9.1781685490565;45.4748642272165;"(45.4748642272165, 9.1781685490565)"
115;BUS;10025;As;Gratosoglio - P.za Diaz;Canonico;7.35;21;9.1793322250523;45.4339331905209;"(45.4339331905209, 9.1793322250523)"
115;BUS;9665;Di;P.za Diaz - Gratosoglio;Canonico;7.96;21;9.17963734227982;45.4349223564137;"(45.4349223564137, 9.17963734227982)"
12;TRAM;12801;Di;Molise - Roserio (LAV. MONUMENTALE);Canonico;13.16;41;9.1712169140684;45.4840742203111;"(45.4840742203111, 9.1712169140684)"
12;TRAM;12907;As;Roserio - Molise (LAV. MONUMENTALE);Canonico;13.14;40;9.17209612397552;45.4835302351404;"(45.4835302351404, 9.17209612397552)"
121;BUS;4241;Di;S.Giuliano M. (De Nicola) - Stz S.Donato M3;Barrato;6.18;14;9.26561310428517;45.4145376130546;"(45.4145376130546, 9.26561310428517)"
121;BUS;4242;Di;S.Giuliano M. (Stz F.S.) - Stz S.Donato M3;Canonico;6.44;15;9.26603347185155;45.4125556960471;"(45.4125556960471, 9.26603347185155)"
121;BUS;4872;As;"Stz S.Donato M3 - S.Giuliano M (Stz F.S,)";Canonico;6.37;13;9.2663207151857;45.4118551860695;"(45.4118551860695, 9.2663207151857)"
121;BUS;4873;As;Stz S.Donato M3 - S.Giuliano M (De Nicola);Barrato;6.09;12;9.26588680131659;45.4139308430882;"(45.4139308430882, 9.26588680131659)"
124;BUS;11634;As;Vigentino - Duomo;Canonico;5.33;16;9.19829635891518;45.4405981818023;"(45.4405981818023, 9.19829635891518)"
124;BUS;11635;Di;Duomo - Vigentino;Canonico;5.64;17;9.19849421562267;45.441357546379;"(45.441357546379, 9.19849421562267)"
125;BUS;10011;As;Centrale FS M2 M3 - Cadorna FN M1 M2;Canonico;5.72;9;9.18067264796793;45.4805971659;"(45.4805971659, 9.18067264796793)"
126;BUS;9970;As;Centrale FS M2 M3 - Cadorna FN M1 M2;Canonico;10.87;26;9.19170067727799;45.4627560919549;"(45.4627560919549, 9.19170067727799)"
126;BUS;9971;Di;Cadorna FN M1 M2 - Centrale FS M2 M3;Canonico;5.26;9;9.18037853001006;45.4813040633832;"(45.4813040633832, 9.18037853001006)"
127;BUS;11722;As;Ungheria - P.za Diaz;Canonico;7.53;24;9.22630579808248;45.4578551853996;"(45.4578551853996, 9.22630579808248)"
127;BUS;11837;Di;P.za Diaz - Ungheria;Canonico;7.96;23;9.22868799515654;45.4567702374077;"(45.4567702374077, 9.22868799515654)"
130;BUS;12176;As;S.Donato M3 - S.Giuliano M.se (mercato sabato);Barrato;10.32;26;9.28328611439906;45.4060744921027;"(45.4060744921027, 9.28328611439906)"
130;BUS;12177;As;S.Donato M3 - S.Giuliano M.se;Canonico;9.68;27;9.28229107165189;45.4065747240858;"(45.4065747240858, 9.28229107165189)"
130;BUS;12178;Di;S.Giuliano M.se - S. Donato M3;Canonico;9.85;27;9.28334413772362;45.4058007964253;"(45.4058007964253, 9.28334413772362)"
130;BUS;12179;Di;S.Giuliano M.se - S. Donato M3 (mercato sabato);Barrato;10.73;26;9.28439396168159;45.4050732085423;"(45.4050732085423, 9.28439396168159)"
132;BUS;11825;Di;S. Donato (Di Vittorio) - S. Donato M3 (Marignano);Canonico;8.91;25;9.26446006017112;45.4191303626907;"(45.4191303626907, 9.26446006017112)"
132;BUS;12196;As;S. Donato M3 (Marignano) - S. Donato ( Di Vittorio);Canonico;6.62;19;9.26524824683227;45.4145578295287;"(45.4145578295287, 9.26524824683227)"
14;TRAM;12592;As;Cordusio - Lorenteggio (CANTIERE PROCACCINI);Barrato;7.10;22;9.15330245896114;45.4519401089267;"(45.4519401089267, 9.15330245896114)"
14;TRAM;12607;As;Stz. Genova - Lorenteggio;Barrato;5.48;17;9.14485367294819;45.4492296069537;"(45.4492296069537, 9.14485367294819)"
14;TRAM;12629;Di;Lorenteggio - Stz. Genova;Barrato;5.16;16;9.14597032115869;45.4495288317338;"(45.4495288317338, 9.14597032115869)"
14;TRAM;12808;Di;Lorenteggio - Cim. Maggiore (LAV. MONUMENTALE);Canonico;14.51;46;9.1562044900912;45.4708917048072;"(45.4708917048072, 9.1562044900912)"
14;TRAM;12809;Di;Lorenteggio - Cenisio M5 (LAV. MONUMENTALE);Barrato;9.79;30;9.16159617256524;45.4591666269157;"(45.4591666269157, 9.16159617256524)"
14;TRAM;12908;As;Cim.  Maggiore - Lorenteggio (LAV. MONUMENTALE);Canonico;14.63;43;9.15592490347293;45.4700562570239;"(45.4700562570239, 9.15592490347293)"
140;BUS;12073;Di;Cefalonia - Rogoredo;Canonico;16.04;32;9.24951658488689;45.4070277789205;"(45.4070277789205, 9.24951658488689)"
140;BUS;12074;As;Rogoredo - Cefalonia;Canonico;15.60;29;9.24843362272217;45.4067941082225;"(45.4067941082225, 9.24843362272217)"
15;TRAM;9901;Di;Dogana M1 M3 - Rozzano Via G. Rossa;Canonico;11.78;32;9.1738876010566;45.4140400329687;"(45.4140400329687, 9.1738876010566)"
15;TRAM;9902;Di;Porta Lodovica - Rozzano Via G. Rossa;Barrato;10.27;28;9.17194270071446;45.4079306594274;"(45.4079306594274, 9.17194270071446)"
15;TRAM;9903;As;Rozzano Via G. Rossa - Dogana M1 M3;Canonico;11.39;32;9.1744499704882;45.4147701720113;"(45.4147701720113, 9.1744499704882)"
15;TRAM;9904;As;Rozzano Via G. Rossa - Giambologna/Tabacchi;Barrato;9.69;27;9.17232373872159;45.4079503206399;"(45.4079503206399, 9.17232373872159)"
151;BUS;10036;Di;Sesto FS - Molino Dorino;Canonico;22.27;36;9.17640950001344;45.4891143630018;"(45.4891143630018, 9.17640950001344)"
151;BUS;11202;Di;Cairoli M1 - Q.re Olmi;Canonico;11.85;27;9.1265760222907;45.4608755578848;"(45.4608755578848, 9.1265760222907)"
151;BUS;12453;As;Q.re Olmi - Cairoli M1;Canonico;10.02;23;9.12951709524668;45.4614821944677;"(45.4614821944677, 9.12951709524668)"
151;BUS;9696;As;Molino Dorino M1 - Sesto FS;Canonico;22.15;35;9.17529459560923;45.4899716150289;"(45.4899716150289, 9.17529459560923)"
152;BUS;10042;Di;Abbiategrasso - Cascina Gobba  (nM2);Canonico;21.81;27;9.19554650599772;45.4695047643974;"(45.4695047643974, 9.19554650599772)"
152;BUS;11425;As;Cascina Gobba - Abbiategrasso (nM2);Canonico;21.62;26;9.19656907949684;45.4711907223673;"(45.4711907223673, 9.19656907949684)"
153;BUS;12314;As;San Donato M3 - Comasina M3;Canonico;19.60;30;9.20593884506605;45.4672930712577;"(45.4672930712577, 9.20593884506605)"
153;BUS;12493;Di;Comasina M3 - San Donato M3;Canonico;21.55;29;9.20533942165654;45.4689790200725;"(45.4689790200725, 9.20533942165654)"
16;TRAM;12162;As;M.te Velino - S.Siro;Canonico;10.17;35;9.17694465522049;45.4636385957695;"(45.4636385957695, 9.17694465522049)"
16;TRAM;12163;As;M.te Velino - De Angeli;Barrato;7.62;26;9.19034095069564;45.4602002613555;"(45.4602002613555, 9.19034095069564)"
16;TRAM;7793;As;De Angeli - S.Siro;Barrato;2.60;10;9.13660677444694;45.4739100644505;"(45.4739100644505, 9.13660677444694)"
16;TRAM;7794;Di;S.Siro - M.te Velino;Canonico;10.46;36;9.17678335348455;45.4636837624653;"(45.4636837624653, 9.17678335348455)"
16;TRAM;7796;Di;S.Siro - De Angeli;Barrato;2.75;10;9.1358211532468;45.4740188648483;"(45.4740188648483, 9.1358211532468)"
165;BUS;10013;;Limbiate - Comasina M3;Canonico;12.76;18;9.14395801315856;45.57614492546;"(45.57614492546, 9.14395801315856)"
165;BUS;9750;;Comasina M3 - Limbiate;Canonico;12.31;19;9.14201186639967;45.5807788007351;"(45.5807788007351, 9.14201186639967)"
166;BUS;6142;As;Milano (Zara) - Desio;Barrato;18.18;36;9.1946689599195;45.5615573791815;"(45.5615573791815, 9.1946689599195)"
166;BUS;6145;As;Parco nord - Desio;Canonico;13.43;23;9.19586265868889;45.5819250492165;"(45.5819250492165, 9.19586265868889)"
166;BUS;8842;Di;Desio - Milano (Parco Nord);Canonico;14.19;24;9.19602827716266;45.5850747649133;"(45.5850747649133, 9.19602827716266)"
166;BUS;8843;Di;Desio - Milano (Zara M3);Barrato;18.03;38;9.1949228693117;45.5687208400065;"(45.5687208400065, 9.1949228693117)"
171;BUS;7893;;Interno Cim. Maggiore (Campo 1 Campo 92)                                        ;Canonico;1.16;7;9.11391989494409;45.5071644742496;"(45.5071644742496, 9.11391989494409)"
171;BUS;7894;;Interno Cim.Maggiore (campo 92 campo 1);Canonico;1.11;8;9.11506959940248;45.5065361875264;"(45.5065361875264, 9.11506959940248)"
172;BUS;10590;As;Bicocca - Cim. Bruzzano;Canonico;7.39;16;9.19457241127654;45.5169059537447;"(45.5169059537447, 9.19457241127654)"
172;BUS;3976;Di;Martiri della Deportazione - Bicocca;Canonico;7.09;18;9.19495900013536;45.5167492486643;"(45.5167492486643, 9.19495900013536)"
174;BUS;12521;As;Turro - Cim. Greco - Loreto;Canonico;9.29;14;9.21760512496513;45.4997524827025;"(45.4997524827025, 9.21760512496513)"
174;BUS;8862;Di;Loreto - Cim. Greco - Turro;Canonico;6.69;12;9.21745074054291;45.5015164728202;"(45.5015164728202, 9.21745074054291)"
175;BUS;11677;As;P.te Lambro - Cim. Lambrate;Canonico;11.97;37;9.24427515430387;45.4664900623886;"(45.4664900623886, 9.24427515430387)"
175;BUS;11678;Di;Cim. Lambrate - P.te lambro;Canonico;13.52;43;9.24470406262841;45.4646719979282;"(45.4646719979282, 9.24470406262841)"
176;BUS;2982;;Ingresso - Campo 12;Canonico;0.67;4;9.1829986000851;45.5311018423875;"(45.5311018423875, 9.1829986000851)"
176;BUS;2983;;Campo 12 - Ingresso;Canonico;0.68;4;9.18062696239194;45.5310057007001;"(45.5310057007001, 9.18062696239194)"
179;BUS;9929;As;Comasina M3 - Limbiate;Canonico;11.69;24;9.14377751379999;45.578017418865;"(45.578017418865, 9.14377751379999)"
179;BUS;9931;As;Varedo - Limbiate;Barrato;4.05;10;9.13081973029955;45.6032458615022;"(45.6032458615022, 9.13081973029955)"
179;BUS;9933;Di;Limbiate - Comasina M3;Canonico;11.34;22;9.1438035684353;45.5772333019966;"(45.5772333019966, 9.1438035684353)"
179;BUS;9934;Di;Limbiate - Varedo;Barrato;3.70;8;9.12944492329252;45.6039165446303;"(45.6039165446303, 9.12944492329252)"
19;TRAM;9366;Di;Castelli - Lambrate;Canonico;12.45;43;9.19005902682056;45.474954832401;"(45.474954832401, 9.19005902682056)"
19;TRAM;9367;Di;Cacciatori delle Alpi - Lambrate;Barrato;13.93;49;9.18503335677179;45.4777885458672;"(45.4777885458672, 9.18503335677179)"
19;TRAM;9398;As;Lambrate - Castelli;Canonico;12.28;43;9.18959959131545;45.4750519192487;"(45.4750519192487, 9.18959959131545)"
2;TRAM;12381;As;Bausan - Negrelli;Canonico;10.48;34;9.17221116093935;45.4694103285301;"(45.4694103285301, 9.17221116093935)"
2;TRAM;4653;Di;Negrelli - Bausan;Canonico;10.40;33;9.17257132432044;45.469780900008;"(45.469780900008, 9.17257132432044)"
201;BUS;10050;;Rozzano (Milano) - Rozzano (Cabrini);Barrato;1.79;6;9.15816448201157;45.3837775886576;"(45.3837775886576, 9.15816448201157)"
201;BUS;12132;;Rozzano (Alberelle) - Rozzano (Milano);Canonico;8.05;25;9.16160925214969;45.3911102428061;"(45.3911102428061, 9.16160925214969)"
201;BUS;12133;;Rozzano (Cabrini) - Rozzano (Milano);Barrato;1.68;8;9.15576773257009;45.3839109803439;"(45.3839109803439, 9.15576773257009)"
201;BUS;12174;;Rozzano (Milano) - Rozzano (Alberelle);Canonico;6.45;19;9.16243810373916;45.3905820780649;"(45.3905820780649, 9.16243810373916)"
220;BUS;10544;;Rozzano - Locate Triulzi;Canonico;19.96;35;9.19068121319649;45.3679231340955;"(45.3679231340955, 9.19068121319649)"
220;BUS;10545;;Rozzano - Pieve;Barrato;16.28;39;9.18065747927295;45.3633895500889;"(45.3633895500889, 9.18065747927295)"
220;BUS;10547;;Locate Triulzi - Rozzano;Canonico;20.77;35;9.19182041826233;45.3672837671832;"(45.3672837671832, 9.19182041826233)"
220;BUS;10548;;Pieve - Rozzano;Barrato;15.50;35;9.18035705230873;45.364506965481;"(45.364506965481, 9.18035705230873)"
222;BUS;11656;;Milano (Ripamonti) - Pieve E. (Coppi) (trans. in zerbo)                         ;Canonico;12.83;24;9.20639432839831;45.3739780174894;"(45.3739780174894, 9.20639432839831)"
222;BUS;11657;;Pieve E. (Staz FS) - Milano (Ripamonti)                                            ;Canonico;12.05;23;9.20562289681695;45.3735729022041;"(45.3735729022041, 9.20562289681695)"
222;BUS;7891;;Pieve E. (Roma) - Pieve E. (Staz FS)                                           ;Barrato;3.61;12;9.19836498328064;45.345746648247;"(45.345746648247, 9.19836498328064)"
230;BUS;10567;;Basiglio - Abbiategrasso M2;Canonico;14.06;16;9.16834984892373;45.382754651093;"(45.382754651093, 9.16834984892373)"
230;BUS;8451;;Abbiategrasso M2 - Basiglio;Canonico;13.15;15;9.16767925328305;45.3792946757517;"(45.3792946757517, 9.16767925328305)"
24;TRAM;11628;As;Vigentino - Fontana;Canonico;5.56;18;9.19742336957429;45.4452080117305;"(45.4452080117305, 9.19742336957429)"
24;TRAM;11683;Di;Fontana - Vigentino;Canonico;5.61;17;9.19746500329763;45.4450167247567;"(45.4450167247567, 9.19746500329763)"
24;TRAM;11684;Di;Ripamonti/Bellezza - Vigentino;Barrato;3.33;10;9.20085791527991;45.4352229181349;"(45.4352229181349, 9.20085791527991)"
27;TRAM;11709;As;Fontana - Ungheria;Canonico;6.75;23;9.22916170356255;45.4576736432255;"(45.4576736432255, 9.22916170356255)"
27;TRAM;11713;Di;Ungheria - 22 Marzo;Barrato;5.42;19;9.23608809290728;45.4566013318537;"(45.4566013318537, 9.23608809290728)"
27;TRAM;11716;Di;Ungheria - Fontana;Canonico;6.58;23;9.22965257958964;45.4576889013627;"(45.4576889013627, 9.22965257958964)"
3;TRAM;3275;As;Gratosoglio - Cantu'/Orefici;Canonico;7.27;25;9.17848406216666;45.4352639419642;"(45.4352639419642, 9.17848406216666)"
3;TRAM;3533;Di;Cantu'/Orefici - Gratosoglio;Canonico;7.19;23;9.17864264694141;45.436021479687;"(45.436021479687, 9.17864264694141)"
3;TRAM;5065;Di;Torino/Spadari - Gratosoglio;Barrato;6.99;22;9.17832990600593;45.4350578274488;"(45.4350578274488, 9.17832990600593)"
3;TRAM;5190;As;Gratosoglio - Torino/Duomo;Barrato;7.14;24;9.17831093994355;45.434657043792;"(45.434657043792, 9.17831093994355)"
31;TRAM;4842;Di;F.Testi/Bignami - Cinisello B.;Barrato;4.32;11;9.21577276333548;45.5445975457134;"(45.5445975457134, 9.21577276333548)"
31;TRAM;6777;As;Cinisello B. - Lagosta;Barrato;8.61;25;9.20813007030864;45.5249868128425;"(45.5249868128425, 9.20813007030864)"
31;TRAM;6778;As;Cinisello B. - Testi/S.Monica;Barrato;5.89;16;9.21339287702175;45.5365823283563;"(45.5365823283563, 9.21339287702175)"
31;TRAM;6782;Di;Bicocca M5- Cinisello B.;Canonico;5.64;15;9.21413380802364;45.5388895996714;"(45.5388895996714, 9.21413380802364)"
31;TRAM;7212;Di;Lagosta - Cinisello B.;Barrato;8.67;24;9.20865225110412;45.5260086186166;"(45.5260086186166, 9.20865225110412)"
31;TRAM;7214;As;Cinisello B. - Bicocca M5;Canonico;6.36;18;9.21272034946193;45.5347833124214;"(45.5347833124214, 9.21272034946193)"
321;BUS;12290;As;Bisceglie M1 - Assago Forum M2;Canonico;12.82;35;9.11645099147476;45.4279188956388;"(45.4279188956388, 9.11645099147476)"
321;BUS;12292;As;Bisceglie M1 - Buccinasco (Lario);Barrato;8.27;23;9.10920728602682;45.4376992543906;"(45.4376992543906, 9.10920728602682)"
321;BUS;12293;Di;Assago Forum M2 - Bisceglie M1;Canonico;13.05;36;9.11801945740059;45.4266316277148;"(45.4266316277148, 9.11801945740059)"
321;BUS;12296;Di;Buccinasco (Lario) - Bisceglie M1;Barrato;7.10;21;9.10892835504857;45.4391558035834;"(45.4391558035834, 9.10892835504857)"
322;BUS;12271;As;Milano (Bisceglie) - C.Boscone (Gramsci);Canonico;6.36;17;9.10098169163035;45.4440929916638;"(45.4440929916638, 9.10098169163035)"
322;BUS;12273;Di;C.Boscone (Gramsci) - Milano (Bisceglie);Canonico;6.24;18;9.10085239610519;45.4439476497303;"(45.4439476497303, 9.10085239610519)"
323;BUS;12283;;Cesano Boscone FS - Milano (Bisceglie M1);Canonico;7.87;19;9.09379789828075;45.4436632367558;"(45.4436632367558, 9.09379789828075)"
323;BUS;12402;;Milano (Bisceglie M1) - Cesano  Boscone FS;Canonico;7.19;14;9.09303970873421;45.4435368721287;"(45.4435368721287, 9.09303970873421)"
325;BUS;12389;As;Milano (Cantore) - Corsico (Resistenza);Barrato;7.50;22;9.13538671463382;45.4408820349235;"(45.4408820349235, 9.13538671463382)"
325;BUS;12390;As;Milano (Romolo M2) - Corsico (Europa);Canonico;6.65;17;9.13194514796515;45.4399117275323;"(45.4399117275323, 9.13194514796515)"
325;BUS;6244;Di;Corsico (Europa) - Milano (Romolo M2);Canonico;6.88;18;9.1312505407546;45.4394065919226;"(45.4394065919226, 9.1312505407546)"
325;BUS;7455;Di;Corsico (Resistenza) - Milano (Cantore);Barrato;7.36;23;9.13616737533888;45.4411783880308;"(45.4411783880308, 9.13616737533888)"
327;BUS;12304;As;Milano (Bisceglie M1) - Trezzano S.N. (Morona);Canonico;8.79;18;9.08831672325518;45.4348136375602;"(45.4348136375602, 9.08831672325518)"
327;BUS;12305;As;Milano (Bisceglie M1) - Cusago (A. da Baggio);Barrato;12.19;21;9.07873420581956;45.4359763513627;"(45.4359763513627, 9.07873420581956)"
327;BUS;12306;As;Milano (Bisceglie M1) - Trezzano S.N. (L.da Vinci);Barrato;9.81;19;9.08385629426607;45.4317201026538;"(45.4317201026538, 9.08385629426607)"
327;BUS;12309;Di;Trezzano S.N. (Morona) - Milano (Bisceglie M1);Canonico;8.36;16;9.08932942981979;45.4344483546688;"(45.4344483546688, 9.08932942981979)"
327;BUS;12310;Di;Cusago (A. da Baggio) - Milano (Bisceglie M1);Barrato;11.39;20;9.079645164363;45.436110630164;"(45.436110630164, 9.079645164363)"
327;BUS;12311;Di;Trezzano S.N. (Petrella) - Milano (Bisceglie M1);Barrato;8.99;17;9.0857084899934;45.4325012126191;"(45.4325012126191, 9.0857084899934)"
328;BUS;10536;;Assago - Pieve E. (Stazione FS);Canonico;10.94;27;9.17833152422042;45.3724932587667;"(45.3724932587667, 9.17833152422042)"
328;BUS;10537;;Assago M2 - Rozzano ;Barrato;3.85;11;9.15545861751814;45.3897453182637;"(45.3897453182637, 9.15545861751814)"
328;BUS;10539;;Rozzano - Assago M2;Barrato;3.73;12;9.15321041381997;45.3923773443279;"(45.3923773443279, 9.15321041381997)"
328;BUS;12130;;Pieve E. (Stazione FS) - Assago;Canonico;11.48;28;9.17684431118237;45.3740907546905;"(45.3740907546905, 9.17684431118237)"
33;TRAM;7693;Di;Lagosta - Rimembranze di Lambrate;Canonico;7.03;25;9.20749535581563;45.4801373958499;"(45.4801373958499, 9.20749535581563)"
33;TRAM;8260;As;Rimembranze di Lambrate - Lagosta;Canonico;7.01;23;9.20722908742727;45.4801715103973;"(45.4801715103973, 9.20722908742727)"
34;BUS;11632;As;Toffetti - Q.re Fatima;Canonico;4.89;16;9.21058452012619;45.4376041645819;"(45.4376041645819, 9.21058452012619)"
34;BUS;11633;Di;Q.re Fatima - Toffetti;Canonico;4.89;14;9.21245480367702;45.4383185913917;"(45.4383185913917, 9.21245480367702)"
35;BUS;12891;;Comasina M3 - Molino Dorino M1;Canonico;10.84;20;9.13104181298431;45.5119708123618;"(45.5119708123618, 9.13104181298431)"
35;BUS;12892;;Comasina M3 - Molino Dorino M1 (mercato Sabato);Barrato;11.19;21;9.13117862286265;45.5125966065997;"(45.5125966065997, 9.13117862286265)"
35;BUS;12957;;Molino Dorino M1 - Comasina M3;Canonico;11.95;25;9.13167431563999;45.5122944129132;"(45.5122944129132, 9.13167431563999)"
35;BUS;12958;;Molino Dorino M1 - Comasina M3 (mercato Sabato);Barrato;12.19;28;9.13149472630685;45.5127607991785;"(45.5127607991785, 9.13149472630685)"
351;BUS;12021;As;Romolo - Buccinasco  Emilia;Canonico;11.24;24;9.12541202836055;45.4310912812305;"(45.4310912812305, 9.12541202836055)"
351;BUS;6807;Di;Buccinasco via Emilia - Romolo;Canonico;10.57;24;9.12643824154433;45.431910065719;"(45.431910065719, 9.12643824154433)"
352;BUS;10063;Di;Assago Forum M2 - Buccinasco;Canonico;5.65;16;9.12968488435819;45.4106361669356;"(45.4106361669356, 9.12968488435819)"
352;BUS;5748;As;Buccinasco - Assago Forum M2;Canonico;7.35;19;9.12455028049071;45.4113726775349;"(45.4113726775349, 9.12455028049071)"
353;BUS;8838;;Assago (Via Del Sole) - Assago (Via Bazzana);Canonico;4.94;9;9.13605743246679;45.4084785534619;"(45.4084785534619, 9.13605743246679)"
353;BUS;8839;;Assago (Via Bazzana) - Assago (Via Del Sole);Canonico;5.36;13;9.13687896668444;45.4074675077804;"(45.4074675077804, 9.13687896668444)"
38;BUS;11993;As;Novegro - Susa;Canonico;6.42;17;9.25513301079989;45.4704016823531;"(45.4704016823531, 9.25513301079989)"
38;BUS;11994;As;Corelli -  Susa;Barrato;3.77;12;9.24354386089808;45.4699106759894;"(45.4699106759894, 9.24354386089808)"
38;BUS;9924;Di;Susa - Corelli;Barrato;3.40;11;9.24437559565103;45.4698455281934;"(45.4698455281934, 9.24437559565103)"
38;BUS;9925;Di;Susa - Novegro;Canonico;6.32;16;9.25717167610108;45.4703356949867;"(45.4703356949867, 9.25717167610108)"
39;BUS;11333;As;Loreto - Pitteri;Canonico;5.09;17;9.23492915079916;45.4798502898375;"(45.4798502898375, 9.23492915079916)"
39;BUS;11334;As;Loreto - Redecesio;Barrato;7.59;24;9.24334468079368;45.4793386997043;"(45.4793386997043, 9.24334468079368)"
39;BUS;11335;Di;Pitteri - Loreto;Canonico;5.10;16;9.2340915200912;45.4807053334521;"(45.4807053334521, 9.2340915200912)"
39;BUS;11336;Di;Redecesio - Loreto;Barrato;7.21;22;9.24259075949645;45.4801559088847;"(45.4801559088847, 9.24259075949645)"
4;TRAM;3848;As;Parco Nord - Maciachini;Barrato;3.77;10;9.18952712472546;45.5095897637955;"(45.5095897637955, 9.18952712472546)"
4;TRAM;3851;Di;Maciachini - Parco Nord;Barrato;3.33;10;9.18973616698071;45.5099917839437;"(45.5099917839437, 9.18973616698071)"
4;TRAM;9158;As;Parco Nord - P.za Castello;Canonico;7.04;20;9.1860920322975;45.495903926063;"(45.495903926063, 9.1860920322975)"
4;TRAM;9160;Di;P.za Castello - Parco Nord;Canonico;6.99;20;9.18591259813866;45.4947716803391;"(45.4947716803391, 9.18591259813866)"
40;BUS;11322;Di;Parco Nord - Bonola M1;Canonico;15.16;46;9.1447492312602;45.5123557066084;"(45.5123557066084, 9.1447492312602)"
40;BUS;6692;As;Bonola - Parco Nord;Canonico;14.91;40;9.14404043555939;45.5116852071714;"(45.5116852071714, 9.14404043555939)"
41;BUS;12712;Di;Niguarda - Q.re Bovisasca;Canonico;7.30;19;9.16801602194219;45.5182629977146;"(45.5182629977146, 9.16801602194219)"
41;BUS;12916;As;Q.re Bovisasca - Niguarda;Canonico;8.29;22;9.16768673502008;45.5207352609893;"(45.5207352609893, 9.16768673502008)"
41;BUS;12917;As;Q.re Bovisasca - Niguarda (mercato Sabato);Barrato;8.10;22;9.16772377839703;45.5207606900478;"(45.5207606900478, 9.16772377839703)"
42;BUS;8173;As;Q.re Bicocca - Stz Centrale M2 M3;Canonico;7.56;26;9.2007761929513;45.5085531157395;"(45.5085531157395, 9.2007761929513)"
42;BUS;8174;Di;Stz Centrale M2 M3 - Q.re Bicocca;Canonico;7.30;26;9.2010241568984;45.5084567049526;"(45.5084567049526, 9.2010241568984)"
423;BUS;8056;;Milano (San Siro M5) - Settimo M. (Della Libertà)                               ;Canonico;9.16;24;9.07693426764204;45.4778636216195;"(45.4778636216195, 9.07693426764204)"
423;BUS;8057;;Milano (San Siro M5) - Settimo M. (Della Libertà)                                 ;Barrato;8.83;25;9.07751855685729;45.4791822692108;"(45.4791822692108, 9.07751855685729)"
423;BUS;8230;;Settimo M.(della Libertà) - Milano (San Siro M5) ;Canonico;9.04;25;9.08275025334254;45.4764883666615;"(45.4764883666615, 9.08275025334254)"
423;BUS;8231;;Settimo M.(della Libertà) - Milano (San Siro M5)                 ;Barrato;8.71;26;9.08350624616794;45.4777958810089;"(45.4777958810089, 9.08350624616794)"
424;BUS;4506;;Molino Dorino M1 - Bareggio (Gallina)                                           ;Canonico;9.41;9;9.04808838442815;45.4934931715764;"(45.4934931715764, 9.04808838442815)"
424;BUS;4508;;Bareggio (Gallina) - Molino Dorino M1                                           ;Canonico;9.93;11;9.0429268623508;45.4917977379152;"(45.4917977379152, 9.0429268623508)"
43;BUS;11524;As;Greco - Firenze;Canonico;7.88;28;9.18733101457804;45.4843233047835;"(45.4843233047835, 9.18733101457804)"
43;BUS;4705;Di;Firenze - Greco;Canonico;7.22;25;9.18666663683813;45.4840343518849;"(45.4840343518849, 9.18666663683813)"
431;BUS;11301;;Rho FS - Bereggio;Canonico;9.84;16;9.020051888691;45.4969329004174;"(45.4969329004174, 9.020051888691)"
431;BUS;11304;;Bareggio - Rho FS;Canonico;9.71;15;9.02105226877394;45.4968708201928;"(45.4968708201928, 9.02105226877394)"
433;BUS;12276;;Bisceglie M1 - Cornaredo (Artigianato);Canonico;14.04;23;9.07196194437241;45.4739909760886;"(45.4739909760886, 9.07196194437241)"
433;BUS;12277;;Bisceglie M1 - Bareggio (C.na Brughiera);Barrato;17.43;26;9.05966556216472;45.4797734792803;"(45.4797734792803, 9.05966556216472)"
433;BUS;12278;;Bisceglie M1 - Rho FS;Barrato;17.16;25;9.06515696083286;45.4812060039585;"(45.4812060039585, 9.06515696083286)"
433;BUS;12280;;Cornaredo (Artigianato) - Bisceglie M1;Canonico;14.61;23;9.07005599298657;45.4752427492215;"(45.4752427492215, 9.07005599298657)"
433;BUS;12281;;Bareggio (C.na Brughiera) - Bisceglie M1;Barrato;17.40;26;9.05965061966809;45.4797741852997;"(45.4797741852997, 9.05965061966809)"
433;BUS;12282;;Rho FS - Bisceglie M1;Barrato;17.23;25;9.06477864750399;45.4814091289925;"(45.4814091289925, 9.06477864750399)"
44;BUS;5569;Di;Turro - C.na Gobba;Canonico;5.33;19;9.23815844971152;45.5053775231048;"(45.5053775231048, 9.23815844971152)"
44;BUS;6496;As;C.na Gobba - Turro;Canonico;5.86;19;9.23817634419054;45.5056271001555;"(45.5056271001555, 9.23817634419054)"
45;BUS;11662;Di;Stz Lambrate M2 - San Donato M3;Canonico;12.34;33;9.24610657830901;45.4537234558725;"(45.4537234558725, 9.24610657830901)"
45;BUS;11664;As;San Donato M3 - Stz. Lambrate;Canonico;12.64;35;9.2465855386898;45.454084205;"(45.454084205, 9.2465855386898)"
46;BUS;11343;Di;Q.re Cantalupa - Famagosta M2;Canonico;3.19;8;9.16559909199605;45.4277391641986;"(45.4277391641986, 9.16559909199605)"
46;BUS;11405;As;Famagosta M2 - Cantalupa;Canonico;4.11;4;9.16388592966815;45.4275141828267;"(45.4275141828267, 9.16388592966815)"
47;BUS;10072;Di;Romolo M2 - Bisceglie M1;Canonico;9.34;25;9.13880836900155;45.4421731283762;"(45.4421731283762, 9.13880836900155)"
47;BUS;12254;As;Bisceglie M1 - Romolo M2;Canonico;11.83;32;9.14441579346934;45.4430764005988;"(45.4430764005988, 9.14441579346934)"
48;BUS;8988;;M.te Rosa - Palazzolo;Canonico;1.72;5;9.14342594016689;45.4853116098586;"(45.4853116098586, 9.14342594016689)"
48;BUS;8989;;Palazzolo - Lotto M1 - M5;Canonico;3.91;14;9.1509182581623;45.4866939002876;"(45.4866939002876, 9.1509182581623)"
49;BUS;8090;As;Tirana - Lotto M1 M5;Canonico;9.98;36;9.12205976261606;45.4673964824341;"(45.4673964824341, 9.12205976261606)"
49;BUS;8093;Di;Lotto M1 M5 - Tirana;Canonico;9.62;36;9.12238207491951;45.467261109454;"(45.467261109454, 9.12238207491951)"
5;TRAM;6708;Di;Ospedale Maggiore - Ortica;Canonico;8.10;29;9.2079401410896;45.4861285648857;"(45.4861285648857, 9.2079401410896)"
5;TRAM;6774;As;Ortica - Ospedale Maggiore;Canonico;8.20;30;9.20830905952311;45.4860818300946;"(45.4860818300946, 9.20830905952311)"
50;BUS;10074;As;Lorenteggio - Cairoli M1;Canonico;7.55;22;9.14904235349475;45.4563919502002;"(45.4563919502002, 9.14904235349475)"
50;BUS;10075;As;Lorenteggio/Primule - Cairoli M1;Barrato;5.20;15;9.15871913959893;45.4603999913129;"(45.4603999913129, 9.15871913959893)"
50;BUS;11297;Di;Cairoli - Lorenteggio;Canonico;8.00;27;9.14976324645504;45.4568597595368;"(45.4568597595368, 9.14976324645504)"
51;BUS;10334;As;Cimiano M2  -  Zara M3 M5;Canonico;11.31;33;9.21156535406192;45.5135089556812;"(45.5135089556812, 9.21156535406192)"
51;BUS;10338;Di;Zara M3 M5 -  Cimiano M2;Canonico;10.78;37;9.21265196170779;45.5130099205112;"(45.5130099205112, 9.21265196170779)"
52;BUS;12893;As;Bruzzano F.N. - Bicocca (Universita');Canonico;7.92;25;9.18339347400283;45.5227664570229;"(45.5227664570229, 9.18339347400283)"
52;BUS;12894;Di;Bicocca Universita' - Bruzzano FN;Canonico;10.69;31;9.18273211806452;45.5228832035441;"(45.5228832035441, 9.18273211806452)"
528;BUS;9319;;Molino Dorino M1 - Cim. Maggiore;Barrato;2.77;10;9.1066544411994;45.5042220585633;"(45.5042220585633, 9.1066544411994)"
528;BUS;9320;;Cim. Maggiore - Molino Dorino M1;Barrato;2.99;9;9.10873605681078;45.5041124259946;"(45.5041124259946, 9.10873605681078)"
528;BUS;9361;;Rho (Capuana) - Cim. Maggiore;Canonico;11.96;24;9.07035542336151;45.5187252904322;"(45.5187252904322, 9.07035542336151)"
528;BUS;9362;;Cim. Maggiore - Rho (Capuana);Canonico;12.07;24;9.06959561833089;45.5191400111132;"(45.5191400111132, 9.06959561833089)"
53;BUS;10077;Di;Stz Lambrate - Sesto Marelli M1;Canonico;9.48;32;9.24213940415748;45.5117603729424;"(45.5117603729424, 9.24213940415748)"
53;BUS;9629;As;Sesto Marelli - Stz Lambrate;Canonico;9.44;31;9.24184736994561;45.5121806611824;"(45.5121806611824, 9.24184736994561)"
53;BUS;9632;As;Sesto Marelli - Stz Lambrate (mercato Sabato);Barrato;8.72;29;9.24113993862753;45.5107370140437;"(45.5107370140437, 9.24113993862753)"
54;BUS;12145;As;Stz Lambrate - Baracchini;Canonico;7.74;29;9.22482870086608;45.4707779946099;"(45.4707779946099, 9.22482870086608)"
54;BUS;12727;Di;Baracchini - Stz Lambrate;Canonico;8.58;31;9.22332895323276;45.4701453756444;"(45.4701453756444, 9.22332895323276)"
542;BUS;7383;;Casa di Reclusione - Rho Fiera;Canonico;2.43;2;9.09089160430466;45.5249178151205;"(45.5249178151205, 9.09089160430466)"
542;BUS;7384;;Rho Fiera - Casa di Reclusione;Canonico;2.65;2;9.0918570018805;45.5247005652739;"(45.5247005652739, 9.0918570018805)"
542;BUS;7435;;Passirana - Rho Fiera M1;Canonico;8.32;13;9.0671102648298;45.5360922810714;"(45.5360922810714, 9.0671102648298)"
542;BUS;7436;;Rho Fiera M1 - Passirana;Canonico;9.26;14;9.06524180235601;45.5364456540254;"(45.5364456540254, 9.06524180235601)"
55;BUS;10081;As;Segrate (Lavanderie) - Loreto (dirette);Barrato;6.74;16;9.24164575450851;45.4882581560665;"(45.4882581560665, 9.24164575450851)"
55;BUS;12442;Di;Loreto - Segrate (Lavanderie);Barrato;8.25;16;9.24697628177304;45.4879805579831;"(45.4879805579831, 9.24697628177304)"
55;BUS;12657;As;Segrate (Lavanderie) - Loreto (trans. Ist. Sacro Cuore);Barrato;9.13;17;9.24640892633665;45.488078666197;"(45.488078666197, 9.24640892633665)"
55;BUS;475;Di;Loreto - Cim. Lambrate;Canonico;5.33;17;9.23712675364435;45.4888097421873;"(45.4888097421873, 9.23712675364435)"
55;BUS;478;As;Q.re Feltre - Loreto;Barrato;4.05;13;9.2295897651007;45.4879343254251;"(45.4879343254251, 9.2295897651007)"
55;BUS;479;As;Cim. Lambrate - Loreto;Canonico;5.68;17;9.23517030575875;45.4886099358605;"(45.4886099358605, 9.23517030575875)"
55;BUS;9941;Di;Loreto - Q.re Feltre;Barrato;3.83;14;9.23282115022609;45.4886988628372;"(45.4886988628372, 9.23282115022609)"
56;BUS;3464;As;Crescenzago - Loreto;Barrato;4.79;15;9.23021574110206;45.4961393887892;"(45.4961393887892, 9.23021574110206)"
56;BUS;3465;Di;Loreto - Crescenzago;Barrato;5.48;20;9.23720307626802;45.5006718280396;"(45.5006718280396, 9.23720307626802)"
56;BUS;480;As;Q.re Adriano - Loreto;Canonico;6.85;22;9.23616030632945;45.502016282787;"(45.502016282787, 9.23616030632945)"
56;BUS;654;Di;Loreto - Q.re Adriano;Canonico;5.75;21;9.23736095551227;45.502659962666;"(45.502659962666, 9.23736095551227)"
560;BUS;11090;;Milano (M1 QT8) - Arese (Alfa Romeo Porta est);Canonico;19.78;34;9.09173523406391;45.5409882513582;"(45.5409882513582, 9.09173523406391)"
560;BUS;9303;;Arese (Alfa Romeo Porta est)- Milano (M1 QT8);Canonico;21.31;34;9.0954024233759;45.5374984275788;"(45.5374984275788, 9.0954024233759)"
561;BUS;9305;;Arese - Rho Fiera M1;Canonico;10.29;18;9.07696397911723;45.5440417962033;"(45.5440417962033, 9.07696397911723)"
561;BUS;9306;;Arese - Rho Fiera M1 (trans. Centro Commerciale);Canonico;13.73;21;9.07131524602824;45.5475557993771;"(45.5475557993771, 9.07131524602824)"
561;BUS;9307;;Rho Fiera M1 - Arese;Canonico;10.88;15;9.07834680506926;45.5444221237349;"(45.5444221237349, 9.07834680506926)"
561;BUS;9308;;Rho Fiera M1 - Arese (Trans. Centro Commerciale);Canonico;14.33;18;9.07265178367751;45.5476640488956;"(45.5476640488956, 9.07265178367751)"
566;BUS;12394;;Paderno Dugnano - Milano;Canonico;11.83;32;9.12551752420871;45.545698082953;"(45.545698082953, 9.12551752420871)"
566;BUS;12395;;Bollate (Marx) - Milano;Canonico;6.02;17;9.11031478996313;45.5377017494322;"(45.5377017494322, 9.11031478996313)"
566;BUS;12841;;Paderno Dugnano - Milano (trans per via Sauro);Barrato;10.63;27;9.12981608942843;45.5451020661989;"(45.5451020661989, 9.12981608942843)"
566;BUS;12842;;Bollate (Marx) - Milano (trans  Sauro);Barrato;4.81;12;9.1158685548305;45.5340092220015;"(45.5340092220015, 9.1158685548305)"
566;BUS;7653;;Milano - Paderno Dugnano;Canonico;12.05;28;9.12539499531534;45.5448905852192;"(45.5448905852192, 9.12539499531534)"
566;BUS;7654;;Milano - Paderno Dugnano (trans Sauro);Barrato;9.63;23;9.13150866227773;45.5447254491159;"(45.5447254491159, 9.13150866227773)"
566;BUS;7655;;Milano - Bollate (Marx);Canonico;6.25;14;9.11062621360441;45.5370029727808;"(45.5370029727808, 9.11062621360441)"
566;BUS;7657;;Milano - Bollate (Marx trans Sauro);Barrato;3.83;9;9.11658791305072;45.5309840111458;"(45.5309840111458, 9.11658791305072)"
57;BUS;7542;Di;Cairoli - Q.to Oggiaro;Canonico;9.21;32;9.15517419004072;45.4946320155706;"(45.4946320155706, 9.15517419004072)"
57;BUS;7543;Di;Cairoli- Q.to Oggiaro (cap. dopo le 21);Barrato;9.21;32;9.15509826249255;45.4945165170664;"(45.4945165170664, 9.15509826249255)"
57;BUS;7547;As;Q.to Oggiaro - Cairoli;Canonico;9.31;30;9.15645741088244;45.4935044083318;"(45.4935044083318, 9.15645741088244)"
57;BUS;7548;As;Q.to Oggiaro - Cairoli (cap. dopo le 21);Barrato;9.31;31;9.15638811697665;45.4933930540887;"(45.4933930540887, 9.15638811697665)"
58;BUS;11299;Di;Minghetti  - Noale;Canonico;11.71;39;9.12978460150923;45.4586325390225;"(45.4586325390225, 9.12978460150923)"
58;BUS;9878;As;Noale - Minghetti;Canonico;11.15;37;9.13042173021587;45.4578862648818;"(45.4578862648818, 9.13042173021587)"
59;BUS;11344;As;Famagosta M2 - Lodovica;Canonico;4.83;16;9.17575056279127;45.4411376765904;"(45.4411376765904, 9.17575056279127)"
59;BUS;11345;As;Famagosta M2 - Lodovica (mercato sabato);Barrato;4.82;16;9.17634029453246;45.4407626816436;"(45.4407626816436, 9.17634029453246)"
59;BUS;11346;Di;Lodovica - Famagosta M2;Canonico;4.83;13;9.17698458101986;45.4414798152196;"(45.4414798152196, 9.17698458101986)"
59;BUS;11347;Di;Lodovica - Famagosta M2 (mercato sabato);Barrato;4.94;13;9.17764105259784;45.4410885743993;"(45.4410885743993, 9.17764105259784)"
60;BUS;10084;As;Zara M3 M5 - L.go Augusto;Canonico;6.22;23;9.20533956569296;45.4747524542061;"(45.4747524542061, 9.20533956569296)"
60;BUS;9670;Di;L.go Augusto - Zara M3 M5;Canonico;6.59;24;9.20450833278161;45.4765922793207;"(45.4765922793207, 9.20450833278161)"
61;BUS;12142;As;Murani - P.za Napoli;Canonico;10.44;34;9.18977425032013;45.4691523761786;"(45.4691523761786, 9.18977425032013)"
61;BUS;12728;Di;Napoli - L.go Murani;Canonico;11.07;41;9.19200209853028;45.4687447028798;"(45.4687447028798, 9.19200209853028)"
62;BUS;5099;As;Sire Raul - Lodi;Canonico;7.28;25;9.21733323559942;45.4711358360966;"(45.4711358360966, 9.21733323559942)"
62;BUS;7123;Di;Lodi - Sire Raul;Canonico;7.19;23;9.21721760627385;45.4703596771185;"(45.4703596771185, 9.21721760627385)"
63;BUS;10769;Di;De Angeli M1 - Muggiano;Canonico;10.02;31;9.10611956961405;45.4581976572201;"(45.4581976572201, 9.10611956961405)"
63;BUS;10770;Di;63/ Bisceglie M1 - Muggiano;Barrato;6.12;19;9.0900472886514;45.4550732153505;"(45.4550732153505, 9.0900472886514)"
63;BUS;11197;As;63/ Muggiano - Bisceglie M1;Barrato;5.76;18;9.08902058329468;45.4551536136733;"(45.4551536136733, 9.08902058329468)"
63;BUS;11198;As;Muggiano - De Angeli M1;Canonico;10.07;32;9.10685129681136;45.4583850507118;"(45.4583850507118, 9.10685129681136)"
63;BUS;11213;As;63/ Degli Ulivi - Bisceglie M1;Barrato;7.57;24;9.11756547502963;45.4603337768341;"(45.4603337768341, 9.11756547502963)"
64;BUS;10089;As;Molinetto - Bonola M1;Canonico;9.56;28;9.11800809624349;45.470396256754;"(45.470396256754, 9.11800809624349)"
64;BUS;10300;Di;Bonola M1 - Corsico;Canonico;17.67;47;9.11236233152498;45.4585996216627;"(45.4585996216627, 9.11236233152498)"
64;BUS;10303;Di;Bonola M1 - Molinetto;Barrato;11.40;31;9.1171756650653;45.4702982545133;"(45.4702982545133, 9.1171756650653)"
65;BUS;8402;Di;P.ta Romana - Abbiategrasso M2;Canonico;6.42;21;9.20017776108383;45.4417183983056;"(45.4417183983056, 9.20017776108383)"
65;BUS;9746;As;Abbiategrasso M2 - P.ta Romana M3 (trans. Via Sforza);Canonico;10.96;37;9.19998996381975;45.4477204319914;"(45.4477204319914, 9.19998996381975)"
65;BUS;9747;As;Abbiategrasso M2 - P.ta Romana M3;Barrato;7.03;23;9.20024572442441;45.4421603672936;"(45.4421603672936, 9.20024572442441)"
66;BUS;4039;As;Cadore - Linate;Barrato;7.66;25;9.24301862212147;45.4507940793607;"(45.4507940793607, 9.24301862212147)"
66;BUS;6764;As;Cadore - Peschiera B.;Canonico;12.61;33;9.26195327167062;45.4423647795843;"(45.4423647795843, 9.26195327167062)"
66;BUS;8656;Di;Peschiera B. - Cadore;Canonico;12.74;33;9.26184790061559;45.4425640267162;"(45.4425640267162, 9.26184790061559)"
66;BUS;8658;Di;Linate - Cadore;Barrato;7.70;24;9.24287654986211;45.4510580535678;"(45.4510580535678, 9.24287654986211)"
67;BUS;4540;As;Scanini - Baracca;Canonico;9.11;34;9.12288201466852;45.4631832695934;"(45.4631832695934, 9.12288201466852)"
67;BUS;583;Di;Baracca - Scanini;Canonico;8.62;30;9.12221867464091;45.4632542044913;"(45.4632542044913, 9.12221867464091)"
68;BUS;3001;Di;Bergognone - Bonola M1;Canonico;10.26;32;9.14206057697888;45.4795951631483;"(45.4795951631483, 9.14206057697888)"
68;BUS;7565;As;Bonola M1 - Bergognone;Canonico;10.02;34;9.14103206019889;45.4802338853544;"(45.4802338853544, 9.14103206019889)"
69;BUS;3732;As;M.Dorino (ramo S.Leonardo) - Firenze;Barrato;6.94;21;9.12424068842928;45.4968343588894;"(45.4968343588894, 9.12424068842928)"
69;BUS;3734;As;M.Dorino (ramo Gallaratese) - Firenze;Canonico;8.19;23;9.12113166796845;45.4951606711252;"(45.4951606711252, 9.12113166796845)"
69;BUS;4404;Di;Firenze - Molino Dorino (Ramo S.Leonardo);Barrato;6.74;22;9.1255774668949;45.4966651339704;"(45.4966651339704, 9.1255774668949)"
69;BUS;4405;Di;Firenze - Molino Dorino (Ramo Gallaratese);Canonico;8.14;24;9.12190023628335;45.4950652592624;"(45.4950652592624, 9.12190023628335)"
7;TRAM;6791;As;Precotto - Lagosta;Canonico;6.48;20;9.2103829322685;45.5092170057721;"(45.5092170057721, 9.2103829322685)"
7;TRAM;7210;Di;Lagosta - Precotto;Canonico;6.77;18;9.21245212508813;45.5098357138735;"(45.5098357138735, 9.21245212508813)"
7;TRAM;8222;As;Precotto - Testi/S. Marcellina;Barrato;3.84;12;9.21845394094338;45.5147436102485;"(45.5147436102485, 9.21845394094338)"
7;TRAM;8223;Di;Testi/ S. Marcellina - Precotto;Barrato;4.13;10;9.22065803392766;45.5149267452872;"(45.5149267452872, 9.22065803392766)"
70;BUS;10095;As;Cim. Bruzzano - Ceresio;Canonico;6.75;25;9.17805123694627;45.5098342656815;"(45.5098342656815, 9.17805123694627)"
70;BUS;10096;As;Q.re Bruzzano - Ceresio;Barrato;5.68;22;9.17835488570287;45.5058970045293;"(45.5058970045293, 9.17835488570287)"
70;BUS;9216;Di;Ceresio - Q.re Bruzzano;Barrato;6.57;22;9.17803634223162;45.5100298665842;"(45.5100298665842, 9.17803634223162)"
70;BUS;9217;Di;Ceresio - Cim . Bruzzano;Canonico;6.42;19;9.17872604783749;45.5093682198098;"(45.5093682198098, 9.17872604783749)"
700;BUS;10401;Di;Sesto Cimitero - Sesto 1 Maggio;Canonico;9.44;28;9.23864194106871;45.534471908688;"(45.534471908688, 9.23864194106871)"
700;BUS;8599;As;Sesto 1 Maggio - Sesto Cimitero;Canonico;10.32;31;9.23875576370858;45.5341943763436;"(45.5341943763436, 9.23875576370858)"
701;BUS;10097;As;Cologno M.se (toti) - Cologno Nord M2;Barrato;4.37;13;9.27849331129298;45.5378889346176;"(45.5378889346176, 9.27849331129298)"
701;BUS;7181;Di;Cologno Nord M2 - Cologno S. Maurizio (toti);Barrato;4.37;14;9.2795135001191;45.5378146760251;"(45.5378146760251, 9.2795135001191)"
701;BUS;7275;As;Sesto S. G. (4 Novembre) - Cologno Sud M2;Canonico;9.32;28;9.26083309986239;45.5396029135141;"(45.5396029135141, 9.26083309986239)"
701;BUS;7277;Di;Cologno Sud M2 - Sesto S. G. (4 Novembre);Canonico;10.01;28;9.26175152236021;45.5385521025743;"(45.5385521025743, 9.26175152236021)"
702;BUS;9982;As;Cologno Nord M2 - Cinisello Sant' Eusebio;Canonico;16.66;42;9.24057265079666;45.5433276787778;"(45.5433276787778, 9.24057265079666)"
702;BUS;9984;Di;Cinisello Sant'Eusebio - Cologno Nord M2;Canonico;13.97;36;9.24072462917077;45.541871454762;"(45.541871454762, 9.24072462917077)"
705;BUS;5650;As;Cormano - Comasina M3;Canonico;6.43;12;9.1639768875562;45.5431394594004;"(45.5431394594004, 9.1639768875562)"
705;BUS;5702;As;Cormano - Comasina M3 (trans. in Litta Modignani);Barrato;7.63;16;9.16405219884011;45.5403347294245;"(45.5403347294245, 9.16405219884011)"
705;BUS;5785;As;Cormano - Comasina M3;Barrato;5.94;11;9.16399306378578;45.5442697636055;"(45.5442697636055, 9.16399306378578)"
705;BUS;5799;Di;Comasina M3 - Cormano;Canonico;4.93;12;9.16433627566148;45.5436753611095;"(45.5436753611095, 9.16433627566148)"
707;BUS;11608;;Cologno Nord M2 - Cologno ( Via Giordano);Canonico;9.24;24;9.28415369337798;45.5315353620535;"(45.5315353620535, 9.28415369337798)"
707;BUS;6844;;Cologno ( Via Giordano) - Cologno Nord M2;Canonico;9.65;24;9.28533597949181;45.5320352498862;"(45.5320352498862, 9.28533597949181)"
708;BUS;10386;Di;Sesto Rond� M1 - Niguarda ( Parco Nord );Canonico;7.87;19;9.20135266192522;45.534510889705;"(45.534510889705, 9.20135266192522)"
708;BUS;10389;Di;Sesto Rond� M1 - Bresso (Don Minzoni);Barrato;4.69;11;9.20876531012502;45.5352923567821;"(45.5352923567821, 9.20876531012502)"
708;BUS;9779;As;Niguarda (Parco Nord) - Sesto Rond� M1;Canonico;8.92;25;9.20194936523318;45.5341628170887;"(45.5341628170887, 9.20194936523318)"
708;BUS;9825;As;Bresso (Don Minzoni) - Sesto Rondo M1;Barrato;5.94;16;9.20818021342472;45.5345975949869;"(45.5345975949869, 9.20818021342472)"
709;BUS;6567;;Cologno Sud M2 - Cologno ( Don Minzoni );Canonico;5.34;12;9.26848158375901;45.5285428937638;"(45.5285428937638, 9.26848158375901)"
709;BUS;7285;;Cologno ( Don Minzoni ) - Cologno Sud M2;Canonico;5.32;12;9.26745152724268;45.5314539459312;"(45.5314539459312, 9.26745152724268)"
71;BUS;11348;As;Romolo M2 - Famagosta M2;Canonico;7.21;20;9.15985946956373;45.4332528034893;"(45.4332528034893, 9.15985946956373)"
71;BUS;11350;As;Romolo M2 - Lodovica;Barrato;12.08;35;9.16592542757597;45.4365960899394;"(45.4365960899394, 9.16592542757597)"
71;BUS;11357;Di;Famagosta M2 - Romolo M2;Canonico;7.06;22;9.15987899722898;45.4332187477716;"(45.4332187477716, 9.15987899722898)"
71;BUS;11358;Di;Lodovica - Romolo M2;Barrato;12.64;37;9.16749040813298;45.4373801458239;"(45.4373801458239, 9.16749040813298)"
712;BUS;12677;;Cinisello ( Musu ) - Sesto F.S.;Canonico;7.02;17;9.23735439592498;45.5552903187008;"(45.5552903187008, 9.23735439592498)"
712;BUS;12678;;Sesto F.S. - Cinisello ( Musu );Canonico;6.59;15;9.23435586301698;45.5561512441014;"(45.5561512441014, 9.23435586301698)"
713;BUS;7616;As;Sesto Rimembranze - Milano Bignami M5;Canonico;7.80;27;9.23535529377214;45.5289655367878;"(45.5289655367878, 9.23535529377214)"
713;BUS;7621;Di;Milano Bignami M5 - Sesto Rimembranze;Canonico;7.64;22;9.23505027257073;45.5286131662757;"(45.5286131662757, 9.23505027257073)"
727;BUS;12198;Di;Stz Cormano FN - Sesto S.G. (1 Maggio);Canonico;9.19;23;9.20996292297923;45.5503049098417;"(45.5503049098417, 9.20996292297923)"
727;BUS;9175;As;Sesto S.G.(1 Maggio) - Stz Cormano FN;Canonico;9.39;23;9.20846243256707;45.5510237715754;"(45.5510237715754, 9.20846243256707)"
727;BUS;9177;As;Sesto S.G.(1 Maggio) - Stz Cormano Fn ( solo domenica isola pedonale);Barrato;9.35;21;9.2089695970374;45.5507929450418;"(45.5507929450418, 9.2089695970374)"
728;BUS;6252;As;Milano (Stz Centrale) - Cusano M. (Unione);Barrato;16.83;33;9.20963559169045;45.5378675126154;"(45.5378675126154, 9.20963559169045)"
728;BUS;7607;Di;Cusano M. (Unione) - Bignami M5;Canonico;10.78;25;9.21156341220899;45.5523145085073;"(45.5523145085073, 9.21156341220899)"
728;BUS;7608;As;Bignami M5 - Cusano M. (Unione);Canonico;11.52;26;9.21186314159252;45.5526093030368;"(45.5526093030368, 9.21186314159252)"
729;BUS;10109;As;Sesto S.G. - Comasina M3;Canonico;10.34;23;9.19351025556565;45.545915086406;"(45.545915086406, 9.19351025556565)"
729;BUS;322;Di;Comasina M3 - Sesto S.G.;Canonico;9.35;26;9.19604994206097;45.5467177112234;"(45.5467177112234, 9.19604994206097)"
729;BUS;5843;As;Sesto S.G. - Cusano M.;Barrato;5.78;16;9.21328383032622;45.5498221379017;"(45.5498221379017, 9.21328383032622)"
729;BUS;5844;Di;Cusano M. - Sesto S.G.                                                  ;Barrato;5.31;16;9.21612901600659;45.5495051442525;"(45.5495051442525, 9.21612901600659)"
73;BUS;10111;As;Aeroporto - Duomo M1 M3;Canonico;7.54;20;9.23218612100047;45.4621078637444;"(45.4621078637444, 9.23218612100047)"
73;BUS;10112;As;Peschiera B. - Duomo M1 M3 (trans. IBM);Barrato;16.49;34;9.26481717008362;45.4658038759369;"(45.4658038759369, 9.26481717008362)"
73;BUS;10113;As;Peschiera B - Duomo M1 M3;Barrato;16.13;33;9.26395612276706;45.4657211310259;"(45.4657211310259, 9.26395612276706)"
73;BUS;10115;Di;Duomo M1 M3 - Aeroporto;Canonico;7.30;19;9.23390283351564;45.4620482988925;"(45.4620482988925, 9.23390283351564)"
73;BUS;10116;Di;Duomo M1 M3 - Peschiera B. (trans. IBM);Barrato;15.54;34;9.26532947969586;45.4658691792314;"(45.4658691792314, 9.26532947969586)"
73;BUS;10117;Di;Duomo M1 M3 - Peschiera B.;Barrato;15.34;33;9.26479527180967;45.4658169222056;"(45.4658169222056, 9.26479527180967)"
74;BUS;11353;As;Famagosta M2 - Cantore;Canonico;7.25;28;9.15831122842562;45.4392773954605;"(45.4392773954605, 9.15831122842562)"
74;BUS;11424;Di;Cantore - Famagosta M2;Canonico;7.77;26;9.15901293049663;45.4387416568382;"(45.4387416568382, 9.15901293049663)"
75;BUS;5492;As;C.na Gobba M2 - Pitteri;Canonico;7.55;21;9.24363009724067;45.492403761299;"(45.492403761299, 9.24363009724067)"
75;BUS;5494;Di;Pitteri - C.na Gobba M2;Canonico;7.47;25;9.24424409234473;45.4929217994503;"(45.4929217994503, 9.24424409234473)"
76;BUS;12245;As;Madonna della Provvidenza - Bisceglie M1;Canonico;9.23;22;9.09217523589565;45.462340168987;"(45.462340168987, 9.09217523589565)"
76;BUS;12248;Di;Bisceglie M1 - Madonna della Provvidenza;Canonico;8.44;19;9.09323478246754;45.4615089064425;"(45.4615089064425, 9.09323478246754)"
77;BUS;9439;As;Poasco - P.le Lodi;Canonico;7.44;20;9.22664947076544;45.4251639073401;"(45.4251639073401, 9.22664947076544)"
77;BUS;9443;Di;P.le Lodi - Poasco;Canonico;7.43;20;9.22599261513545;45.4257829063369;"(45.4257829063369, 9.22599261513545)"
78;BUS;10491;As;Govone - Bisceglie M1;Canonico;14.89;42;9.12410989169758;45.4714094398494;"(45.4714094398494, 9.12410989169758)"
78;BUS;10492;Di;Bisceglie M1 - Govone;Canonico;12.82;43;9.13072933726201;45.4782799926261;"(45.4782799926261, 9.13072933726201)"
783;BUS;8332;As;Milano Bicocca M5 - Bresso (Don Minzoni);Canonico;4.25;9;9.19987087610291;45.5308748351138;"(45.5308748351138, 9.19987087610291)"
783;BUS;9778;Di;Bresso Don Minzoni - Milano Bicocca M5;Canonico;4.66;10;9.1981756658874;45.5316332297704;"(45.5316332297704, 9.1981756658874)"
79;BUS;4243;Di;Abbiategrasso - Gratosoglio (trans. Basmetto);Barrato;5.67;16;9.16877582828634;45.4169429640839;"(45.4169429640839, 9.16877582828634)"
79;BUS;8413;Di;Lodovica - Gratosoglio (trans. Basmetto);Canonico;8.96;26;9.17515493899666;45.4255954182556;"(45.4255954182556, 9.17515493899666)"
79;BUS;8414;Di;Lodovica - Gratosoglio (transita Basmetto e Manduria);Canonico;10.09;30;9.17533774892114;45.4226866887347;"(45.4226866887347, 9.17533774892114)"
79;BUS;9922;As;Gratosoglio - Lodovica (transita in C.na Basmetto);Barrato;8.72;28;9.17455527442945;45.4249847555145;"(45.4249847555145, 9.17455527442945)"
79;BUS;9923;As;Gratosoglio - Abbiategrasso;Barrato;5.87;18;9.16922123211232;45.4178296290758;"(45.4178296290758, 9.16922123211232)"
80;BUS;10304;As;Q.to Romano - De Angeli M1;Barrato;6.69;22;9.11620272805223;45.4731727860131;"(45.4731727860131, 9.11620272805223)"
80;BUS;10306;As;Molino Dorino M1 - De Angeli M1;Canonico;12.32;27;9.10122756614007;45.482828400829;"(45.482828400829, 9.10122756614007)"
80;BUS;8119;Di;De Angeli M1 - Q.to Romano;Barrato;6.13;20;9.11729457245648;45.4732179465574;"(45.4732179465574, 9.11729457245648)"
80;BUS;9309;Di;De Angeli M1 - Molino Dorino M1;Canonico;11.99;28;9.10071094475555;45.4828100804541;"(45.4828100804541, 9.10071094475555)"
81;BUS;10006;Di;Stz. Lambrate - Sesto Marelli;Canonico;9.50;33;9.21544726547209;45.4961754294824;"(45.4961754294824, 9.21544726547209)"
81;BUS;10007;Di;Lambrate - Centrale (corse notturne);Barrato;4.00;16;9.21776470927518;45.4838896430252;"(45.4838896430252, 9.21776470927518)"
81;BUS;6201;As;Sesto Marelli - Stz. Lambrate;Canonico;9.56;33;9.2154311811927;45.4960320910373;"(45.4960320910373, 9.2154311811927)"
81;BUS;6203;As;Centrale - Lambrate (corse notturne);Barrato;4.00;17;9.21860208408173;45.4837752240887;"(45.4837752240887, 9.21860208408173)"
82;BUS;12963;Di;Zara M3 M5 - Q.re Bovisasca;Canonico;9.14;28;9.16728163511221;45.5066329659125;"(45.5066329659125, 9.16728163511221)"
82;BUS;9212;As;Q.re Bovisasca - Zara M3 M5;Canonico;7.10;23;9.17073035901391;45.5044256827886;"(45.5044256827886, 9.17073035901391)"
83;BUS;5795;As;Niguarda ( Parco Nord ) - Comasina M3 ( transita Don Minzoni);Barrato;8.51;23;9.1823059137748;45.5370226866973;"(45.5370226866973, 9.1823059137748)"
83;BUS;5804;As;Niguarda ( Parco Nord ) - Comasina M3 ( transita Don Minzoni);Barrato;8.05;22;9.18328858427209;45.5375051055377;"(45.5375051055377, 9.18328858427209)"
83;BUS;5812;Di;Comasina M3 - Niguarda ( Parco Nord );Barrato;5.63;13;9.18008267023073;45.5363045481076;"(45.5363045481076, 9.18008267023073)"
83;BUS;6736;As;C� Granda - Comasina M3;Canonico;9.04;23;9.181796094194;45.5293873664494;"(45.5293873664494, 9.181796094194)"
83;BUS;6737;As;C� Granda - Comasina M3 ( transita Bresso Minzoni);Canonico;11.10;29;9.1841748713862;45.5317743155997;"(45.5317743155997, 9.1841748713862)"
83;BUS;6740;Di;Comasina M3 - C� Granda;Canonico;8.26;22;9.18353981835003;45.5292261671906;"(45.5292261671906, 9.18353981835003)"
84;BUS;10123;As;S. Donato M3 - Augusto;Canonico;9.91;30;9.22997926872355;45.4421382239012;"(45.4421382239012, 9.22997926872355)"
84;BUS;10124;As;Martini - Augusto;Barrato;4.48;15;9.21375544115948;45.4547146823212;"(45.4547146823212, 9.21375544115948)"
84;BUS;9692;Di;Augusto - S. Donato M3;Canonico;11.43;34;9.23291525283263;45.440125764092;"(45.440125764092, 9.23291525283263)"
84;BUS;9693;Di;Augusto - Martini;Barrato;4.74;17;9.21561657759478;45.4521949641817;"(45.4521949641817, 9.21561657759478)"
86;BUS;7225;As;Cna Gobba M2 - Ca' Granda M5;Canonico;8.76;29;9.22888560328697;45.5116891811432;"(45.5116891811432, 9.22888560328697)"
86;BUS;7227;Di;Ca' Granda M5 - Cna Gobba M2;Canonico;8.52;29;9.22902278900172;45.511568728435;"(45.511568728435, 9.22902278900172)"
87;BUS;8758;As;Villa San Giovanni M1 - Stz Centrale;Canonico;7.69;24;9.21553937751277;45.5092628615048;"(45.5092628615048, 9.21553937751277)"
87;BUS;8806;Di;Stz Centrale - Villa san Giovanni M1;Canonico;7.57;21;9.21558368196572;45.5086287602072;"(45.5086287602072, 9.21558368196572)"
88;BUS;5084;As;Rogoredo FS M3 - Ungheria;Canonico;2.18;7;9.24301479004937;45.4387747104745;"(45.4387747104745, 9.24301479004937)"
88;BUS;5085;Di;Ungheria - Rogoredo FS M3;Canonico;2.40;8;9.24418844274875;45.4405531648993;"(45.4405531648993, 9.24418844274875)"
88;BUS;5087;As;Rogoredo FS M3 - Aviazione;Barrato;5.02;15;9.24962647693834;45.4463759135714;"(45.4463759135714, 9.24962647693834)"
88;BUS;8655;Di;Aviazione - Rogoredo FS M3;Barrato;4.87;14;9.24983543126866;45.4469099681329;"(45.4469099681329, 9.24983543126866)"
89;BUS;6796;As;Novate Milanese - Ciccotti;Canonico;4.74;11;9.1486520809344;45.5302660619192;"(45.5302660619192, 9.1486520809344)"
89;BUS;6798;As;Novate Milanese - Ciccotti ( Trans. Cimitero );Barrato;6.43;15;9.14769672211646;45.5290010288966;"(45.5290010288966, 9.14769672211646)"
89;BUS;6802;Di;Ciccotti - Novate Milanese;Canonico;6.22;15;9.14975556144189;45.5305820643931;"(45.5305820643931, 9.14975556144189)"
89;BUS;6803;Di;Ciccotti - Novate Milanese  (Trans.Cimitero);Barrato;8.06;19;9.14872065264856;45.5294685857008;"(45.5294685857008, 9.14872065264856)"
9;TRAM;4538;As;Stz Genova - Stz Centrale;Canonico;7.53;26;9.19616160667556;45.4635111102051;"(45.4635111102051, 9.19616160667556)"
9;TRAM;9962;Di;Stz Centrale - Stz Genova;Canonico;7.58;26;9.19583726144973;45.4632068087102;"(45.4632068087102, 9.19583726144973)"
90;FILOBUS;3575;Di;Lotto - Isonzo;Canonico;12.91;40;9.19444365603057;45.4802311984056;"(45.4802311984056, 9.19444365603057)"
90;FILOBUS;4086;As;Isonzo - Lotto (Circolare Destra);Canonico;8.07;24;9.16852150315914;45.4529201971491;"(45.4529201971491, 9.16852150315914)"
901;BUS;5131;Di;Peschiara B. (Don sturzo) - Milano (S. Donato m3);Canonico;8.62;24;9.27282832182094;45.4251129733194;"(45.4251129733194, 9.27282832182094)"
901;BUS;8736;As;Milano (S. Donato M3) - Peschiera B.(Don Sturzo);Canonico;12.43;20;9.29093434462852;45.4328249153903;"(45.4328249153903, 9.29093434462852)"
902;BUS;6291;As;Milano (s.donato m3) - Peschiera b.(via dante);Canonico;9.60;22;9.28659737784239;45.4274031081897;"(45.4274031081897, 9.28659737784239)"
902;BUS;6294;As;"Milano (s.donato m3) - Peschiera b. (via dante,trans. mediglia)";Canonico;12.83;28;9.29172888933383;45.4263788088407;"(45.4263788088407, 9.29172888933383)"
902;BUS;8742;Di;Peschiera B. (via Dante) - Milano (S. Donato M3);Canonico;9.48;15;9.28581923174156;45.4329752760549;"(45.4329752760549, 9.28581923174156)"
91;FILOBUS;3578;As;Isonzo - Lotto;Canonico;13.16;40;9.19463366984676;45.4800690905999;"(45.4800690905999, 9.19463366984676)"
91;FILOBUS;4084;Di;Lotto - Isonzo (Circolare sinistra);Canonico;8.12;25;9.16868342482539;45.452914731533;"(45.452914731533, 9.16868342482539)"
92;FILOBUS;12759;As;Bovisa FN - Isonzo;Canonico;11.22;34;9.19766745683079;45.478494994818;"(45.478494994818, 9.19766745683079)"
92;FILOBUS;12761;Di;Isonzo - Bovisa FN;Canonico;10.29;33;9.19625811948616;45.4829402326605;"(45.4829402326605, 9.19625811948616)"
924;BUS;10144;As;Milano (Bottini) - Vimodrone (C.na Burrona);Barrato;15.01;35;9.27967703787266;45.4905840272136;"(45.4905840272136, 9.27967703787266)"
924;BUS;10145;As;Milano (Bottini) - Vimodrone (C.na Burrona) (senza trans. Redecesio);Barrato;14.17;32;9.28019229191077;45.4912195796358;"(45.4912195796358, 9.28019229191077)"
924;BUS;10556;Di;Segrate (S.Ambrogio) - Milano (Bottini);Canonico;11.08;28;9.27440212757468;45.4864746428716;"(45.4864746428716, 9.27440212757468)"
924;BUS;10557;Di;Segrate (S.Ambrogio) - Milano (Bottini) (senza trans. Redecesio);Barrato;10.20;25;9.27475951349671;45.4870827510534;"(45.4870827510534, 9.27475951349671)"
924;BUS;12336;Di;Vimodrone (C.na Burrona) - Milano (Bottini) (senza trans. Redecesio);Barrato;13.90;32;9.28086752595432;45.4915417941931;"(45.4915417941931, 9.28086752595432)"
924;BUS;12337;Di;Vimodrone (C.na Burrona) - Milano (Bottini);Barrato;14.78;35;9.28027843492355;45.4908469249723;"(45.4908469249723, 9.28027843492355)"
924;BUS;9137;As;Milano (Bottini) - Segrate (S.Ambrogio);Canonico;9.63;23;9.27096461934501;45.4841061150949;"(45.4841061150949, 9.27096461934501)"
924;BUS;9140;As;Milano (Bottini) - Segrate (S.Ambrogio) (senza trans. Redecesio);Barrato;8.79;20;9.2710823319638;45.4845924432496;"(45.4845924432496, 9.2710823319638)"
925;BUS;10146;As;Milano (Cascina Gobba M2) - Segrate (F.lli Cervi);Barrato;3.11;10;9.26587976392871;45.5051443095889;"(45.5051443095889, 9.26587976392871)"
925;BUS;10147;As;Milano (Cascina Gobba M2) - Milano (via Olgettina);Barrato;1.49;5;9.26475250730529;45.5109637571315;"(45.5109637571315, 9.26475250730529)"
925;BUS;10148;As;Milano (Cascina Gobba M2) - Milano (Udine);Canonico;6.72;17;9.25656347853803;45.4986532422265;"(45.4986532422265, 9.25656347853803)"
925;BUS;10149;As;Milano (Cascina Gobba M2) - Segrate (Abruzzi);Barrato;6.23;16;9.26642601035031;45.4961979479699;"(45.4961979479699, 9.26642601035031)"
925;BUS;4701;Di;Segrate (F.lli Cervi) - Milano (Cascina Gobba M2);Barrato;3.26;9;9.26566397520819;45.5057800499956;"(45.5057800499956, 9.26566397520819)"
925;BUS;4702;Di;Milano (Olgettina) - Milano (Cascina Gobba M2);Barrato;1.52;4;9.26473791667143;45.5115344054539;"(45.5115344054539, 9.26473791667143)"
925;BUS;4703;Di;Milano (Udine) - Milano (Cascina Gobba M2);Canonico;6.14;14;9.258493616388;45.49947577581;"(45.49947577581, 9.258493616388)"
925;BUS;7691;Di;Segrate (Abruzzi) - Milano (Cascina Gobba M2);Barrato;6.42;16;9.26656242757029;45.4965831821211;"(45.4965831821211, 9.26656242757029)"
926;BUS;10150;As;Peschiera B. (San Felicino) - Segrate FS;Canonico;5.05;7;9.30546820248323;45.4702328464228;"(45.4702328464228, 9.30546820248323)"
926;BUS;10151;Di;Segrate FS - Peschiera B. (San Felicino);Canonico;4.81;7;9.30574725866753;45.4694727055283;"(45.4694727055283, 9.30574725866753)"
927;BUS;12819;As;S. Felice (Giovanni XXII) - Vimodrone;Canonico;2.99;6;9.28658491092605;45.5081122252317;"(45.5081122252317, 9.28658491092605)"
927;BUS;12820;Di;Vimodrone - Segrate (Giovanni XXIII);Canonico;5.42;11;9.28662684740514;45.506106326234;"(45.506106326234, 9.28662684740514)"
93;FILOBUS;5482;As;Bottini - Omero;Canonico;7.02;24;9.22733610257036;45.4606644099936;"(45.4606644099936, 9.22733610257036)"
93;FILOBUS;5484;Di;Omero - Bottini;Canonico;6.87;22;9.22736807614029;45.460398060897;"(45.460398060897, 9.22736807614029)"
94;BUS;10152;As;P.ta Volta - Minghetti;Canonico;7.15;27;9.18618155433443;45.4654881819717;"(45.4654881819717, 9.18618155433443)"
94;BUS;11522;Di;Minghetti - P.ta Volta;Canonico;7.01;24;9.18770600699369;45.4673719639174;"(45.4673719639174, 9.18770600699369)"
95;BUS;12490;As;Rogoredo - Barona;Canonico;9.02;30;9.18697342474295;45.4377548183387;"(45.4377548183387, 9.18697342474295)"
95;BUS;12491;Di;Barona - Rogoredo;Canonico;9.20;30;9.19091339157379;45.4375149721827;"(45.4375149721827, 9.19091339157379)"
965;BUS;7612;;Pioltello - Milano;Canonico;12.08;18;9.27997602838436;45.4941769992029;"(45.4941769992029, 9.27997602838436)"
965;BUS;7613;;Milano - Pioltello;Canonico;11.36;16;9.28315171599308;45.4945707242811;"(45.4945707242811, 9.28315171599308)"
98;BUS;7814;Di;Lotto M1 M5 - Famagosta M2;Canonico;8.26;23;9.14760127811239;45.4516875433799;"(45.4516875433799, 9.14760127811239)"
98;BUS;9899;As;Famagosta M2 - Lotto M1 M5;Canonico;7.86;23;9.14627481764209;45.4532172137022;"(45.4532172137022, 9.14627481764209)"
99;BUS;11652;;Noverasco - Vigentino;Canonico;3.90;7;9.20781459471911;45.4061784992688;"(45.4061784992688, 9.20781459471911)"
99;BUS;11653;;Vigentino - Noverasco;Canonico;4.82;8;9.20809744057433;45.4043410360051;"(45.4043410360051, 9.20809744057433)"
