linea;mezzo;percorso;orario;tipo_giorno;inizio;fine;corse_gior;corse_punt;corse_morb;corse_sera
48;BUS;8989;INV2021-2022;L;07:05;21:35;29;4;4;0
39;BUS;11333;INV2021-2022;F;06:25;21:57;49;5;5;0
80;BUS;8119;INV2021-2022;F;01:25;05:15;8;0;0;0
925;BUS;7691;INV2021-2022;F;07:40;19:49;15;2;3;0
115;BUS;10025;INV2021-2022;S;01:28;05:51;9;0;0;0
41;BUS;12712;INV2021-2022;F;06:03;00:43;52;5;5;6
925;BUS;7691;INV2021-2022;L;07:12;20:06;35;5;6;0
70;BUS;9216;INV2021-2022;L;05:27;02:03;43;1;0;6
59;BUS;11344;INV2021-2022;S;19:55;21:59;8;0;0;0
566;BUS;12394;INV2021-2022;S;05:30;19:05;16;4;1;0
561;BUS;9306;INV2021-2022;F;10:00;17:33;4;0;2;0
130;BUS;12177;INV2021-2022;S;17:15;19:42;4;0;0;0
16;TRAM;7793;INV2021-2022;F;05:41;14:24;7;1;0;0
728;BUS;6252;INV2021-2022;L;05:30;06:39;2;0;0;0
31;TRAM;7214;INV2021-2022;L;05:40;23:45;105;18;10;5
34;BUS;11633;INV2021-2022;L;06:15;21:51;78;13;8;0
925;BUS;4701;INV2021-2022;L;06:15;01:20;32;5;0;4
66;BUS;4039;INV2021-2022;L;06:20;01:04;40;5;3;5
925;BUS;10148;INV2021-2022;F;07:40;19:43;15;2;3;0
353;BUS;8839;INV2021-2022;L;06:45;00:37;33;6;3;4
90;FILOBUS;4086;INV2021-2022;L;00:55;01:02;218;41;18;9
14;TRAM;12592;INV2021-2022;L;04:22;18:32;25;4;0;0
56;BUS;654;INV2021-2022;F;06:00;02:08;58;6;5;4
70;BUS;10095;INV2021-2022;S;07:49;18:41;64;8;12;0
64;BUS;10300;INV2021-2022;F;06:00;01:35;62;6;6;5
322;BUS;12273;INV2021-2022;L;05:50;23:57;62;14;4;2
16;TRAM;12162;INV2021-2022;S;05:00;01:56;110;11;11;8
702;BUS;9984;INV2021-2022;L;05:40;23:48;55;8;6;3
56;BUS;3465;INV2021-2022;S;06:18;01:54;79;10;9;5
926;BUS;10151;INV2021-2022;L;06:40;20:27;13;3;0;0
201;BUS;12132;INV2021-2022;F;06:10;20:32;25;3;3;0
9;TRAM;9962;INV2021-2022;F;05:35;02:25;114;11;12;10
80;BUS;10306;INV2021-2022;L;05:54;01:47;86;12;8;6
79;BUS;8413;INV2021-2022;S;06:20;22:00;33;5;4;0
52;BUS;12894;INV2021-2022;L;06:00;22:40;97;13;11;1
542;BUS;7436;INV2021-2022;S;07:40;20:33;14;2;2;0
560;BUS;11090;INV2021-2022;S;07:30;21:15;25;3;4;0
783;BUS;8332;INV2021-2022;S;06:05;21:14;45;6;6;0
12;TRAM;12907;INV2021-2022;L;05:25;00:33;108;15;12;6
39;BUS;11333;INV2021-2022;L;05:35;21:57;40;1;9;0
38;BUS;11994;INV2021-2022;F;06:15;00:20;46;4;4;4
12;TRAM;12907;INV2021-2022;F;05:25;00:33;73;7;7;6
33;TRAM;8260;INV2021-2022;S;05:45;01:40;90;10;10;6
220;BUS;10547;INV2021-2022;L;06:25;21:16;29;4;4;0
82;BUS;12963;INV2021-2022;F;06:25;01:34;62;7;6;6
528;BUS;9320;INV2021-2022;L;08:36;22:24;26;1;4;1
58;BUS;11299;INV2021-2022;F;06:26;01:42;72;7;7;8
65;BUS;9746;INV2021-2022;L;06:22;20:51;57;9;8;0
48;BUS;8988;INV2021-2022;L;06:41;20:55;29;4;4;0
69;BUS;4405;INV2021-2022;S;06:20;21:14;47;6;6;0
82;BUS;9212;INV2021-2022;L;06:00;01:03;94;14;10;6
121;BUS;4873;INV2021-2022;S;06:05;14:08;8;4;0;0
560;BUS;9303;INV2021-2022;F;14:00;19:11;3;0;0;0
16;TRAM;12162;INV2021-2022;L;05:00;01:56;97;12;12;6
91;FILOBUS;3578;INV2021-2022;F;00:55;01:23;110;9;9;10
4;TRAM;9158;INV2021-2022;S;04:45;01:36;112;13;13;8
172;BUS;3976;INV2021-2022;F;14:00;18:02;5;0;0;0
3;TRAM;5065;INV2021-2022;S;05:27;07:04;6;0;0;0
77;BUS;9443;INV2021-2022;L;06:21;00:33;59;8;6;4
54;BUS;12145;INV2021-2022;S;01:25;01:22;138;18;16;8
4;TRAM;3848;INV2021-2022;L;07:00;19:30;33;14;0;0
63;BUS;10769;INV2021-2022;L;06:58;20:39;77;14;11;0
9;TRAM;4538;INV2021-2022;S;04:45;01:36;139;17;16;10
201;BUS;10050;INV2021-2022;F;20:43;00:46;18;0;0;9
57;BUS;7547;INV2021-2022;L;04:50;21:24;131;22;16;0
58;BUS;11299;INV2021-2022;S;06:26;01:42;117;15;14;8
126;BUS;9970;INV2021-2022;L;01:00;05:36;9;0;0;0
321;BUS;12293;INV2021-2022;S;05:52;01:24;41;6;4;1
73;BUS;10111;INV2021-2022;S;05:30;01:32;72;8;8;6
63;BUS;10770;INV2021-2022;S;06:13;01:37;41;14;1;8
166;BUS;6142;INV2021-2022;F;06:00;00:30;21;2;2;2
166;BUS;8842;INV2021-2022;L;05:35;19:50;34;6;4;0
728;BUS;7607;INV2021-2022;L;05:40;01:19;53;7;5;4
12;TRAM;12801;INV2021-2022;L;06:10;02:11;107;15;12;6
57;BUS;7548;INV2021-2022;F;00:50;01:05;21;0;0;7
19;TRAM;9366;INV2021-2022;S;05:47;00:56;89;11;11;6
328;BUS;10537;INV2021-2022;S;06:30;21:42;34;6;4;0
73;BUS;10113;INV2021-2022;L;06:20;23:56;27;11;4;2
70;BUS;9217;INV2021-2022;F;07:26;18:14;48;7;9;0
542;BUS;7435;INV2021-2022;L;06:20;20:10;28;4;4;0
925;BUS;4701;INV2021-2022;S;06:30;01:18;18;2;0;4
12;TRAM;12801;INV2021-2022;F;06:10;02:11;76;7;7;6
99;BUS;11653;INV2021-2022;L;06:18;22:05;55;8;7;0
130;BUS;12179;INV2021-2022;S;06:50;17:02;17;4;3;0
88;BUS;5085;INV2021-2022;L;06:06;21:53;47;6;6;0
321;BUS;12292;INV2021-2022;S;19:51;21:55;3;0;0;0
2;TRAM;12381;INV2021-2022;F;05:35;00:34;79;8;8;8
124;BUS;11635;INV2021-2022;F;02:05;06:07;9;0;0;0
701;BUS;10097;INV2021-2022;S;05:45;19:15;13;4;0;0
729;BUS;5843;INV2021-2022;L;05:20;19:56;22;9;0;0
171;BUS;7894;INV2021-2022;F;08:10;17:53;76;7;17;0
728;BUS;6252;INV2021-2022;S;05:30;06:38;2;0;0;0
3;TRAM;5065;INV2021-2022;F;05:27;14:08;5;0;0;0
176;BUS;2983;INV2021-2022;S;08:07;17:57;40;4;8;0
14;TRAM;12908;INV2021-2022;F;06:10;00:47;83;9;10;8
16;TRAM;7796;INV2021-2022;S;19:53;02:06;12;0;0;2
77;BUS;9443;INV2021-2022;S;06:21;00:33;58;8;7;4
31;TRAM;6782;INV2021-2022;F;05:56;00:27;64;6;6;5
542;BUS;7435;INV2021-2022;S;06:50;19:40;14;2;2;0
33;TRAM;7693;INV2021-2022;F;05:28;02:16;70;6;7;6
42;BUS;8173;INV2021-2022;L;06:00;00:26;84;12;9;5
69;BUS;4405;INV2021-2022;L;07:11;21:15;53;10;8;0
729;BUS;10109;INV2021-2022;L;05:50;00:43;66;8;6;6
351;BUS;12021;INV2021-2022;F;15:05;20:32;5;0;0;0
27;TRAM;11716;INV2021-2022;S;05:56;01:25;105;13;12;8
55;BUS;478;INV2021-2022;F;06:10;21:46;11;0;0;0
67;BUS;4540;INV2021-2022;S;05:54;00:24;103;15;12;7
220;BUS;10548;INV2021-2022;S;06:15;00:03;34;4;4;2
68;BUS;7565;INV2021-2022;S;06:10;22:20;58;8;7;0
98;BUS;7814;INV2021-2022;F;05:52;01:17;82;8;8;8
323;BUS;12283;INV2021-2022;S;05:55;21:40;32;4;4;0
31;TRAM;6778;INV2021-2022;F;21:30;02:54;4;0;0;0
3;TRAM;5190;INV2021-2022;L;09:02;01:48;10;0;0;1
90;FILOBUS;3575;INV2021-2022;L;01:30;01:57;202;26;18;9
353;BUS;8839;INV2021-2022;S;07:03;00:37;25;3;2;3
965;BUS;7613;INV2021-2022;F;07:30;20:00;12;3;1;0
174;BUS;8862;INV2021-2022;F;13:30;17:55;9;0;0;0
63;BUS;11198;INV2021-2022;L;06:32;19:57;72;15;11;0
75;BUS;5494;INV2021-2022;F;06:30;22:22;43;5;5;1
3;TRAM;3275;INV2021-2022;L;06:00;01:33;134;18;16;7
93;FILOBUS;5484;INV2021-2022;F;06:10;00:36;65;7;7;6
708;BUS;9825;INV2021-2022;L;07:11;20:21;17;6;0;0
84;BUS;9693;INV2021-2022;L;07:08;01:24;60;9;7;6
327;BUS;12304;INV2021-2022;S;06:05;00:32;76;12;10;2
56;BUS;654;INV2021-2022;S;06:00;02:08;81;10;10;4
3;TRAM;3533;INV2021-2022;F;05:57;02:07;84;8;8;8
176;BUS;2982;INV2021-2022;S;08:02;17:52;40;4;8;0
27;TRAM;11709;INV2021-2022;S;05:27;02:08;113;14;12;8
58;BUS;9878;INV2021-2022;S;06:05;01:30;114;15;13;7
70;BUS;10095;INV2021-2022;L;07:46;18:54;67;10;11;0
700;BUS;8599;INV2021-2022;L;05:30;23:40;83;12;9;3
2;TRAM;12381;INV2021-2022;L;05:08;00:35;124;17;15;6
7;TRAM;8223;INV2021-2022;F;05:49;02:12;71;6;6;6
166;BUS;6142;INV2021-2022;S;20:30;00:31;4;0;0;2
702;BUS;9982;INV2021-2022;F;06:00;00:56;19;2;2;2
38;BUS;9925;INV2021-2022;L;06:30;20:00;40;7;4;0
328;BUS;10539;INV2021-2022;L;06:15;21:31;34;5;4;0
38;BUS;11993;INV2021-2022;S;06:35;20:25;36;4;4;0
713;BUS;7616;INV2021-2022;L;06:00;00:27;82;13;8;4
1;TRAM;12560;INV2021-2022;S;05:45;01:53;108;13;12;8
53;BUS;10077;INV2021-2022;F;05:45;01:14;66;6;6;6
321;BUS;12292;INV2021-2022;F;20:25;21:55;2;0;0;0
566;BUS;12841;INV2021-2022;S;06:10;19:54;10;1;2;0
902;BUS;6291;INV2021-2022;S;06:15;20:44;21;4;2;0
3;TRAM;3533;INV2021-2022;S;05:56;02:11;124;15;15;8
86;BUS;7227;INV2021-2022;S;05:30;21:58;77;11;10;0
713;BUS;7616;INV2021-2022;S;06:00;00:27;66;8;7;4
728;BUS;7608;INV2021-2022;L;06:25;01:42;52;6;5;4
24;TRAM;11628;INV2021-2022;F;05:44;02:30;84;7;7;8
57;BUS;7547;INV2021-2022;F;04:50;21:31;95;11;11;0
15;TRAM;9901;INV2021-2022;F;05:30;02:01;83;8;8;8
60;BUS;10084;INV2021-2022;F;05:55;01:26;80;8;8;8
327;BUS;12309;INV2021-2022;L;05:43;23:57;89;13;10;2
701;BUS;7275;INV2021-2022;L;06:05;23:57;47;8;4;4
71;BUS;11350;INV2021-2022;S;21:38;02:12;14;0;0;6
321;BUS;12290;INV2021-2022;F;06:55;00:44;30;4;4;1
528;BUS;9320;INV2021-2022;S;06:56;22:24;36;3;5;1
542;BUS;7436;INV2021-2022;L;06:45;20:33;28;4;4;0
54;BUS;12145;INV2021-2022;F;01:25;01:22;97;10;10;8
76;BUS;12245;INV2021-2022;S;06:06;21:52;65;9;9;0
79;BUS;8413;INV2021-2022;F;13:50;22:00;16;0;0;0
220;BUS;10544;INV2021-2022;F;06:15;21:03;15;2;2;0
51;BUS;10334;INV2021-2022;S;06:10;01:01;79;10;9;8
74;BUS;11353;INV2021-2022;S;05:08;01:41;108;14;12;8
44;BUS;5569;INV2021-2022;F;05:46;22:10;57;7;7;0
56;BUS;480;INV2021-2022;S;05:26;01:44;81;11;9;4
62;BUS;7123;INV2021-2022;L;06:05;01:02;96;15;10;6
27;TRAM;11713;INV2021-2022;S;19:15;02:28;8;0;0;0
924;BUS;10144;INV2021-2022;L;06:20;21:39;23;1;5;0
44;BUS;5569;INV2021-2022;S;05:46;22:10;78;9;9;0
50;BUS;10074;INV2021-2022;F;01:25;01:24;86;8;7;7
50;BUS;11297;INV2021-2022;F;01:55;01:56;86;8;8;7
57;BUS;7547;INV2021-2022;S;04:50;21:31;113;19;14;0
14;TRAM;12607;INV2021-2022;L;07:25;19:36;10;6;0;0
38;BUS;11994;INV2021-2022;S;06:15;00:20;9;0;0;4
925;BUS;10148;INV2021-2022;L;06:58;20:12;46;9;5;0
2;TRAM;4653;INV2021-2022;L;06:08;01:56;122;17;14;6
352;BUS;10063;INV2021-2022;S;06:13;21:02;37;7;4;0
31;TRAM;6782;INV2021-2022;S;05:53;00:27;87;12;10;5
91;FILOBUS;4084;INV2021-2022;L;01:50;01:53;213;39;18;8
93;FILOBUS;5484;INV2021-2022;L;05:55;00:36;145;27;16;6
42;BUS;8173;INV2021-2022;F;00:20;00:26;67;6;5;5
87;BUS;8758;INV2021-2022;S;06:00;00:56;82;10;10;6
924;BUS;9137;INV2021-2022;L;06:36;00:10;59;8;8;2
50;BUS;11297;INV2021-2022;L;06:25;01:56;154;24;16;7
73;BUS;10112;INV2021-2022;L;12:22;20:51;19;0;0;0
24;TRAM;11684;INV2021-2022;S;05:07;17:21;10;1;0;0
201;BUS;12133;INV2021-2022;S;20:52;00:55;18;0;0;9
54;BUS;12727;INV2021-2022;L;06:15;02:02;164;25;19;6
705;BUS;5702;INV2021-2022;L;07:05;14:47;11;4;0;0
121;BUS;4872;INV2021-2022;S;05:05;22:31;43;4;4;1
925;BUS;10149;INV2021-2022;F;07:15;19:12;15;3;2;0
924;BUS;10557;INV2021-2022;L;06:05;19:21;21;4;0;0
73;BUS;10111;INV2021-2022;F;05:30;01:32;82;9;9;6
45;BUS;11664;INV2021-2022;L;05:49;22:00;79;15;8;0
924;BUS;10556;INV2021-2022;F;06:00;23:39;25;2;2;2
44;BUS;6496;INV2021-2022;L;06:08;21:37;79;12;9;0
73;BUS;10113;INV2021-2022;F;07:00;23:56;22;3;2;2
31;TRAM;7214;INV2021-2022;F;05:40;23:45;63;6;6;5
166;BUS;6145;INV2021-2022;S;05:50;20:46;29;4;4;0
94;BUS;11522;INV2021-2022;L;06:15;01:31;161;27;16;6
27;TRAM;11713;INV2021-2022;L;09:18;02:28;15;0;1;0
46;BUS;11405;INV2021-2022;L;06:15;21:23;67;12;8;0
53;BUS;10077;INV2021-2022;L;05:40;01:14;102;16;10;6
67;BUS;583;INV2021-2022;F;06:29;00:59;75;8;8;7
43;BUS;4705;INV2021-2022;S;06:08;01:25;96;11;11;7
73;BUS;10113;INV2021-2022;S;06:20;23:56;33;5;2;2
81;BUS;10007;INV2021-2022;S;21:55;00:58;12;0;0;8
328;BUS;10536;INV2021-2022;S;10:05;16:32;7;0;2;0
90;FILOBUS;4086;INV2021-2022;F;00:55;01:02;113;10;10;9
323;BUS;12283;INV2021-2022;L;05:50;21:35;36;7;4;0
927;BUS;12819;INV2021-2022;L;09:25;17:03;16;0;4;0
55;BUS;478;INV2021-2022;S;06:10;21:46;13;0;0;0
66;BUS;8656;INV2021-2022;F;06:05;00:34;35;4;4;3
561;BUS;9308;INV2021-2022;L;08:15;20:46;13;1;2;0
127;BUS;11722;INV2021-2022;F;01:28;05:53;9;0;0;0
57;BUS;7543;INV2021-2022;L;20:22;01:40;15;0;0;6
31;TRAM;6777;INV2021-2022;L;23:45;01:54;5;0;0;1
701;BUS;7275;INV2021-2022;F;06:05;23:56;36;4;4;4
124;BUS;11634;INV2021-2022;S;02:35;05:47;7;0;0;0
171;BUS;7893;INV2021-2022;S;08:05;17:48;76;8;17;0
325;BUS;6244;INV2021-2022;F;05:55;01:05;94;11;12;4
901;BUS;5131;INV2021-2022;L;06:58;21:34;26;4;2;0
14;TRAM;12808;INV2021-2022;L;04:51;02:01;133;20;15;8
24;TRAM;11683;INV2021-2022;L;05:53;02:01;153;23;17;8
179;BUS;9931;INV2021-2022;S;05:11;06:27;4;0;0;0
58;BUS;9878;INV2021-2022;F;06:05;01:30;72;6;6;7
727;BUS;9175;INV2021-2022;S;06:15;22:12;39;6;4;0
5;TRAM;6774;INV2021-2022;F;05:25;02:07;87;8;8;8
729;BUS;10109;INV2021-2022;F;05:20;00:42;49;4;4;6
88;BUS;8655;INV2021-2022;S;05:50;20:04;34;6;3;0
220;BUS;10547;INV2021-2022;F;07:20;21:10;14;2;2;0
560;BUS;11090;INV2021-2022;L;07:00;21:40;30;7;4;0
727;BUS;12198;INV2021-2022;S;05:40;22:11;39;3;4;0
92;FILOBUS;12759;INV2021-2022;L;06:06;01:44;131;25;13;6
14;TRAM;12809;INV2021-2022;S;18:58;02:46;8;0;0;1
171;BUS;7893;INV2021-2022;L;08:05;17:45;41;4;9;0
35;BUS;12957;INV2021-2022;F;06:00;01:13;57;6;6;6
87;BUS;8758;INV2021-2022;F;06:00;00:56;61;6;6;6
201;BUS;12174;INV2021-2022;F;06:15;20:39;25;3;3;0
45;BUS;11664;INV2021-2022;F;05:47;22:00;48;6;6;0
83;BUS;6736;INV2021-2022;L;06:31;20:57;48;5;8;0
31;TRAM;7212;INV2021-2022;F;00:19;02:28;5;0;0;0
528;BUS;9362;INV2021-2022;S;06:36;19:34;12;3;1;0
708;BUS;9779;INV2021-2022;L;06:20;20:30;45;8;8;0
19;TRAM;9367;INV2021-2022;S;04:48;06:11;2;0;0;0
14;TRAM;12629;INV2021-2022;L;06:59;19:01;10;5;0;0
40;BUS;6692;INV2021-2022;S;06:05;01:46;98;13;11;6
328;BUS;10536;INV2021-2022;L;08:40;21:08;19;1;4;0
3;TRAM;5190;INV2021-2022;S;19:47;01:55;6;0;0;0
93;FILOBUS;5484;INV2021-2022;S;05:55;00:36;92;12;10;6
325;BUS;7455;INV2021-2022;L;04:40;20:28;43;5;0;0
81;BUS;10007;INV2021-2022;L;21:55;00:58;12;0;0;8
70;BUS;10096;INV2021-2022;S;05:00;01:29;42;5;0;8
39;BUS;11334;INV2021-2022;L;06:00;19:24;46;13;0;0
16;TRAM;12163;INV2021-2022;S;01:22;02:24;2;0;0;0
965;BUS;7612;INV2021-2022;L;05:45;23:00;61;11;5;1
63;BUS;11198;INV2021-2022;F;06:34;19:56;60;8;8;0
86;BUS;7227;INV2021-2022;L;05:30;21:58;82;10;10;0
83;BUS;5795;INV2021-2022;L;20:47;01:10;11;0;0;6
55;BUS;10081;INV2021-2022;L;09:57;19:47;11;0;3;0
92;FILOBUS;12761;INV2021-2022;S;06:10;00:52;94;12;11;7
4;TRAM;9158;INV2021-2022;F;04:45;01:36;84;7;8;8
64;BUS;10089;INV2021-2022;S;05:59;01:10;81;12;8;6
7;TRAM;8222;INV2021-2022;F;05:33;01:56;71;6;6;6
56;BUS;3464;INV2021-2022;L;05:28;01:31;135;16;20;5
45;BUS;11662;INV2021-2022;L;06:00;22:12;80;15;8;0
51;BUS;10338;INV2021-2022;L;05:50;01:40;93;11;11;6
352;BUS;10063;INV2021-2022;L;06:14;20:45;58;10;5;0
561;BUS;9305;INV2021-2022;L;07:00;22:38;20;4;2;1
201;BUS;12133;INV2021-2022;L;20:52;00:55;18;0;0;9
965;BUS;7612;INV2021-2022;S;05:45;20:05;36;8;4;0
83;BUS;5795;INV2021-2022;S;22:15;01:10;8;0;0;6
87;BUS;8806;INV2021-2022;S;06:00;01:25;81;10;10;5
35;BUS;12891;INV2021-2022;L;06:14;01:05;61;7;7;6
73;BUS;10115;INV2021-2022;S;05:03;01:00;72;9;7;5
19;TRAM;9367;INV2021-2022;L;04:48;06:11;2;0;0;0
83;BUS;6740;INV2021-2022;L;06:00;21:32;54;6;8;0
46;BUS;11405;INV2021-2022;S;06:15;21:23;57;8;8;0
70;BUS;9216;INV2021-2022;S;05:27;02:03;43;1;0;8
75;BUS;5492;INV2021-2022;F;06:22;21:57;42;6;6;0
924;BUS;9137;INV2021-2022;S;06:37;00:10;16;3;0;2
4;TRAM;3851;INV2021-2022;L;07:25;19:49;33;11;0;0
7;TRAM;8222;INV2021-2022;L;06:41;01:56;50;9;0;6
351;BUS;6807;INV2021-2022;S;06:30;22:06;30;8;3;0
14;TRAM;12592;INV2021-2022;S;04:22;07:03;9;0;0;0
15;TRAM;9904;INV2021-2022;S;02:33;03:08;16;0;0;1
59;BUS;11344;INV2021-2022;L;06:05;21:59;79;11;9;0
80;BUS;10306;INV2021-2022;F;05:56;01:47;78;8;7;7
708;BUS;9779;INV2021-2022;F;06:30;20:24;24;4;4;0
80;BUS;8119;INV2021-2022;S;01:25;20:25;60;7;8;0
88;BUS;5087;INV2021-2022;F;06:10;19:49;21;3;3;0
80;BUS;8119;INV2021-2022;L;06:43;21:11;68;13;9;0
78;BUS;10492;INV2021-2022;L;05:55;22:29;81;14;9;0
566;BUS;7654;INV2021-2022;L;06:10;20:30;12;1;2;0
322;BUS;12271;INV2021-2022;S;06:10;00:30;40;8;4;2
351;BUS;6807;INV2021-2022;F;14:30;19:57;5;0;0;0
79;BUS;9923;INV2021-2022;L;06:41;19:33;24;8;0;0
84;BUS;10124;INV2021-2022;S;05:15;01:01;54;6;6;8
7;TRAM;8223;INV2021-2022;L;06:58;02:12;50;9;1;6
15;TRAM;9904;INV2021-2022;F;20:01;02:36;8;0;0;0
31;TRAM;6777;INV2021-2022;S;23:45;01:54;5;0;0;1
55;BUS;478;INV2021-2022;L;06:10;21:46;13;0;0;0
63;BUS;10770;INV2021-2022;F;06:17;01:37;24;1;0;8
166;BUS;6142;INV2021-2022;L;20:30;00:31;4;0;0;2
433;BUS;12280;INV2021-2022;F;09:29;19:25;8;0;1;0
89;BUS;6798;INV2021-2022;L;10:05;15:58;4;0;2;0
176;BUS;2982;INV2021-2022;L;08:02;17:52;40;4;8;0
99;BUS;11653;INV2021-2022;S;06:18;22:05;32;4;4;0
10;TRAM;10933;INV2021-2022;S;05:42;01:45;115;15;13;8
15;TRAM;9903;INV2021-2022;F;04:42;01:29;84;8;8;8
47;BUS;10072;INV2021-2022;F;06:24;01:19;70;7;8;7
42;BUS;8174;INV2021-2022;L;06:27;00:54;82;12;9;6
729;BUS;5843;INV2021-2022;S;06:30;20:16;24;6;0;0
165;BUS;10013;INV2021-2022;L;09:00;00:32;21;0;4;1
322;BUS;12273;INV2021-2022;S;05:50;23:57;40;7;4;2
64;BUS;10303;INV2021-2022;L;08:47;21:31;17;1;4;0
9;TRAM;9962;INV2021-2022;L;05:35;02:25;155;19;18;9
69;BUS;4404;INV2021-2022;L;07:17;21:25;53;9;8;0
542;BUS;7384;INV2021-2022;L;07:00;19:52;27;5;4;0
61;BUS;12142;INV2021-2022;S;06:15;00:57;87;11;10;7
47;BUS;10072;INV2021-2022;L;06:24;01:19;82;13;8;4
1;TRAM;12560;INV2021-2022;L;05:36;01:51;130;18;15;7
925;BUS;4702;INV2021-2022;L;07:33;18:36;30;9;0;0
31;TRAM;4842;INV2021-2022;F;05:20;12:28;3;0;0;0
924;BUS;12336;INV2021-2022;S;08:10;19:58;5;1;0;0
705;BUS;5650;INV2021-2022;S;06:05;20:42;27;3;4;0
94;BUS;10152;INV2021-2022;L;06:00;01:01;151;25;17;5
327;BUS;12305;INV2021-2022;L;06:23;18:33;14;2;0;0
10;TRAM;10930;INV2021-2022;L;05:14;00:51;126;16;15;8
560;BUS;11090;INV2021-2022;F;15:05;20:05;3;0;0;0
62;BUS;7123;INV2021-2022;S;06:05;01:02;80;10;9;6
566;BUS;12841;INV2021-2022;L;06:10;21:07;13;2;2;0
76;BUS;12245;INV2021-2022;F;06:06;21:52;52;6;6;0
712;BUS;12678;INV2021-2022;L;06:10;00:50;39;6;4;2
35;BUS;12892;INV2021-2022;S;06:15;01:06;56;6;6;6
328;BUS;10537;INV2021-2022;F;06:30;21:47;32;4;4;0
59;BUS;11346;INV2021-2022;L;06:30;21:49;77;11;10;0
66;BUS;6764;INV2021-2022;S;06:00;01:15;44;5;5;3
901;BUS;5131;INV2021-2022;S;06:38;21:04;19;3;1;0
433;BUS;12276;INV2021-2022;F;10:10;20:03;8;0;2;0
19;TRAM;9366;INV2021-2022;F;05:54;00:55;71;7;7;6
34;BUS;11632;INV2021-2022;L;06:00;21:36;78;14;8;0
38;BUS;11994;INV2021-2022;L;06:15;00:20;9;0;0;4
62;BUS;5099;INV2021-2022;S;06:05;00:32;78;10;9;6
92;FILOBUS;12759;INV2021-2022;F;06:06;01:44;70;8;8;7
125;BUS;10011;INV2021-2022;F;00:25;05:19;11;0;0;0
230;BUS;8451;INV2021-2022;S;06:30;00:53;29;6;3;2
69;BUS;4404;INV2021-2022;F;06:32;19:18;31;4;5;0
325;BUS;12389;INV2021-2022;L;05:10;19:52;43;10;0;0
783;BUS;9778;INV2021-2022;S;05:40;21:30;47;6;6;0
132;BUS;12196;INV2021-2022;L;05:55;00:37;49;7;5;2
80;BUS;10306;INV2021-2022;S;05:54;01:47;70;5;7;7
84;BUS;9692;INV2021-2022;F;06:20;22:06;34;4;4;0
708;BUS;10386;INV2021-2022;L;06:30;20:51;48;3;7;0
127;BUS;11837;INV2021-2022;F;02:02;05:28;7;0;0;0
83;BUS;6740;INV2021-2022;F;06:00;21:47;56;6;6;0
84;BUS;9692;INV2021-2022;L;05:35;21:30;60;9;8;0
351;BUS;6807;INV2021-2022;L;06:30;22:07;39;12;3;0
924;BUS;10556;INV2021-2022;L;05:50;23:40;60;8;8;2
7;TRAM;6791;INV2021-2022;S;05:33;20:13;86;12;12;0
81;BUS;6203;INV2021-2022;F;22:17;01:20;12;0;0;7
91;FILOBUS;3578;INV2021-2022;L;00:55;01:23;197;28;18;10
322;BUS;12271;INV2021-2022;F;06:05;00:29;19;2;2;2
73;BUS;10115;INV2021-2022;L;05:03;01:00;100;12;13;5
92;FILOBUS;12761;INV2021-2022;L;06:05;00:52;122;21;13;6
57;BUS;7542;INV2021-2022;S;04:44;21:17;114;18;13;0
230;BUS;10567;INV2021-2022;S;06:30;00:28;28;6;3;1
126;BUS;9971;INV2021-2022;F;01:40;05:40;9;0;0;0
126;BUS;9970;INV2021-2022;S;01:00;05:36;9;0;0;0
325;BUS;12390;INV2021-2022;L;06:10;01:35;194;32;18;4
61;BUS;12142;INV2021-2022;F;06:15;00:57;68;8;7;7
56;BUS;480;INV2021-2022;F;05:26;01:44;59;6;5;4
566;BUS;7655;INV2021-2022;S;06:50;19:10;10;1;1;0
93;FILOBUS;5482;INV2021-2022;F;06:40;01:06;65;7;7;6
179;BUS;9929;INV2021-2022;S;06:15;09:22;7;5;0;0
222;BUS;11656;INV2021-2022;S;06:31;22:36;55;10;6;1
327;BUS;12311;INV2021-2022;L;06:30;20:06;19;6;0;0
87;BUS;8806;INV2021-2022;L;06:00;01:25;70;6;9;5
423;BUS;8230;INV2021-2022;S;06:30;19:52;24;5;3;0
53;BUS;9632;INV2021-2022;S;06:00;17:32;62;12;11;0
542;BUS;7384;INV2021-2022;S;07:10;19:52;27;5;4;0
99;BUS;11652;INV2021-2022;F;06:35;22:15;32;4;4;1
66;BUS;8658;INV2021-2022;L;06:00;00:35;38;6;3;5
327;BUS;12310;INV2021-2022;L;06:58;19:20;14;4;0;0
48;BUS;8988;INV2021-2022;S;06:41;20:55;29;4;4;0
222;BUS;11656;INV2021-2022;L;06:31;22:36;74;12;8;1
24;TRAM;11628;INV2021-2022;S;05:20;02:30;123;14;12;8
153;BUS;12314;INV2021-2022;F;00:37;06:40;12;0;0;0
322;BUS;12271;INV2021-2022;L;06:10;00:30;62;13;4;2
40;BUS;11322;INV2021-2022;L;05:50;01:43;114;16;13;7
220;BUS;10547;INV2021-2022;S;06:25;21:16;29;4;4;0
729;BUS;322;INV2021-2022;S;05:50;01:23;58;6;6;6
27;TRAM;11716;INV2021-2022;F;05:56;01:25;85;9;9;8
79;BUS;8414;INV2021-2022;S;06:35;22:19;33;5;5;0
7;TRAM;7210;INV2021-2022;L;06:01;20:42;71;9;11;0
83;BUS;6740;INV2021-2022;S;06:00;21:47;61;8;8;0
42;BUS;8173;INV2021-2022;S;00:20;00:26;93;10;10;5
1;TRAM;9457;INV2021-2022;F;05:32;02:11;84;8;8;8
78;BUS;10492;INV2021-2022;S;05:55;22:29;64;9;7;0
51;BUS;10338;INV2021-2022;S;05:50;01:40;83;10;8;7
81;BUS;10006;INV2021-2022;S;05:45;21:47;85;14;11;0
55;BUS;9941;INV2021-2022;F;06:14;21:45;13;0;0;0
69;BUS;3734;INV2021-2022;L;06:00;21:33;62;11;8;0
176;BUS;2983;INV2021-2022;L;08:07;17:57;40;4;8;0
55;BUS;475;INV2021-2022;F;06:30;18:58;62;9;10;0
727;BUS;12198;INV2021-2022;L;05:40;22:11;55;4;4;0
74;BUS;11353;INV2021-2022;F;05:50;01:41;78;7;8;8
926;BUS;10150;INV2021-2022;L;06:20;20:52;13;3;0;0
965;BUS;7613;INV2021-2022;L;06:20;23:30;61;12;4;2
201;BUS;12174;INV2021-2022;L;06:05;20:39;45;8;4;0
44;BUS;6496;INV2021-2022;S;06:08;21:37;73;9;9;0
542;BUS;7383;INV2021-2022;F;07:52;20:00;25;3;4;0
46;BUS;11343;INV2021-2022;F;06:23;21:32;44;4;4;0
55;BUS;479;INV2021-2022;S;06:55;19:36;52;9;9;0
68;BUS;7565;INV2021-2022;F;06:10;22:20;54;7;6;0
95;BUS;12490;INV2021-2022;L;05:36;02:02;141;18;13;8
327;BUS;12309;INV2021-2022;S;05:50;23:57;75;12;10;2
7;TRAM;7210;INV2021-2022;S;06:01;20:42;86;12;12;0
35;BUS;12958;INV2021-2022;S;06:00;01:14;57;6;6;6
70;BUS;9217;INV2021-2022;L;07:11;18:15;65;14;12;0
87;BUS;8758;INV2021-2022;L;06:00;00:56;70;6;9;6
321;BUS;12290;INV2021-2022;L;05:40;00:44;42;9;4;1
50;BUS;10075;INV2021-2022;L;16:33;17:25;4;0;0;0
94;BUS;10152;INV2021-2022;S;01:05;01:01;123;15;14;7
353;BUS;8838;INV2021-2022;L;06:50;00:23;33;6;3;3
14;TRAM;12592;INV2021-2022;F;05:35;13:40;6;0;0;0
49;BUS;8090;INV2021-2022;S;06:03;00:46;116;22;11;8
67;BUS;4540;INV2021-2022;L;05:54;00:24;120;14;15;7
76;BUS;12248;INV2021-2022;F;06:10;21:51;51;7;7;0
701;BUS;7181;INV2021-2022;L;06:15;19:34;11;2;0;0
783;BUS;8332;INV2021-2022;L;06:05;21:14;51;7;6;0
65;BUS;8402;INV2021-2022;L;06:15;22:02;63;8;8;0
121;BUS;4242;INV2021-2022;F;07:35;22:52;21;2;2;1
728;BUS;7608;INV2021-2022;S;06:25;01:42;47;6;5;4
175;BUS;11678;INV2021-2022;F;09:10;12:48;4;0;3;0
424;BUS;4506;INV2021-2022;L;06:05;19:05;11;4;0;0
78;BUS;10492;INV2021-2022;F;05:52;22:29;53;6;6;0
321;BUS;12292;INV2021-2022;L;07:48;21:55;34;5;4;0
700;BUS;10401;INV2021-2022;L;05:25;23:55;82;12;10;3
84;BUS;10123;INV2021-2022;F;06:10;22:11;34;4;4;0
83;BUS;5804;INV2021-2022;S;23:30;02:09;4;0;0;1
76;BUS;12245;INV2021-2022;L;06:06;21:52;73;12;8;0
175;BUS;11677;INV2021-2022;S;08:20;11:51;4;1;2;0
924;BUS;10144;INV2021-2022;S;06:25;21:39;40;5;6;0
925;BUS;10149;INV2021-2022;S;07:15;19:33;32;5;5;0
16;TRAM;12162;INV2021-2022;F;06:00;01:56;84;8;8;8
19;TRAM;9398;INV2021-2022;L;04:45;01:58;133;18;15;7
79;BUS;8414;INV2021-2022;F;06:16;22:19;41;6;6;0
140;BUS;12074;INV2021-2022;S;06:30;19:36;13;2;1;0
220;BUS;10548;INV2021-2022;F;06:30;20:38;15;2;2;0
351;BUS;12021;INV2021-2022;S;07:05;22:57;26;5;3;1
924;BUS;10556;INV2021-2022;S;05:50;23:39;16;3;0;2
327;BUS;12304;INV2021-2022;L;06:00;00:32;93;17;11;2
61;BUS;12728;INV2021-2022;S;05:50;01:43;95;12;11;7
433;BUS;12280;INV2021-2022;L;05:30;18:25;14;2;2;0
95;BUS;12491;INV2021-2022;L;05:09;01:42;139;15;13;8
15;TRAM;9902;INV2021-2022;S;00:14;18:06;17;2;0;0
424;BUS;4508;INV2021-2022;S;06:40;08:18;4;3;0;0
712;BUS;12677;INV2021-2022;L;06:35;00:21;38;6;4;2
63;BUS;11197;INV2021-2022;L;05:50;00:53;93;19;0;8
98;BUS;7814;INV2021-2022;S;05:52;01:17;99;13;11;8
433;BUS;12277;INV2021-2022;L;06:10;19:58;8;0;0;0
63;BUS;10769;INV2021-2022;F;07:00;20:44;61;9;9;0
93;FILOBUS;5482;INV2021-2022;L;05:45;01:06;141;25;15;6
528;BUS;9361;INV2021-2022;S;07:00;19:16;11;3;0;0
712;BUS;12678;INV2021-2022;S;06:10;00:50;35;6;4;2
51;BUS;10334;INV2021-2022;F;06:10;01:01;63;7;6;8
70;BUS;10096;INV2021-2022;F;05:50;01:29;35;4;0;8
66;BUS;4039;INV2021-2022;S;06:53;00:44;27;3;3;3
70;BUS;10096;INV2021-2022;L;05:00;01:29;42;6;0;6
707;BUS;6844;INV2021-2022;L;06:10;21:42;31;4;4;0
41;BUS;12712;INV2021-2022;S;05:58;00:43;64;8;7;6
48;BUS;8989;INV2021-2022;S;07:05;21:35;29;4;4;0
84;BUS;9693;INV2021-2022;S;07:11;01:24;56;6;6;8
121;BUS;4242;INV2021-2022;S;05:25;22:52;43;5;4;1
66;BUS;8658;INV2021-2022;F;06:00;00:15;35;4;4;3
68;BUS;3001;INV2021-2022;L;06:10;22:15;65;9;7;0
925;BUS;4703;INV2021-2022;S;07:05;20:11;33;5;5;0
115;BUS;9665;INV2021-2022;F;02:03;05:26;7;0;0;0
121;BUS;4242;INV2021-2022;L;05:25;22:53;70;11;6;1
924;BUS;10145;INV2021-2022;L;06:33;19:39;26;9;0;0
67;BUS;583;INV2021-2022;L;06:29;00:59;124;15;15;7
175;BUS;11677;INV2021-2022;F;08:20;13:38;6;1;2;0
52;BUS;12893;INV2021-2022;S;06:00;22:27;86;12;10;1
708;BUS;10386;INV2021-2022;S;06:30;20:36;36;6;5;0
729;BUS;10109;INV2021-2022;S;05:20;00:42;57;6;6;6
965;BUS;7612;INV2021-2022;F;07:00;19:30;12;4;0;0
56;BUS;3465;INV2021-2022;F;06:31;01:54;56;6;5;5
61;BUS;12142;INV2021-2022;L;06:26;00:53;91;12;12;6
321;BUS;12293;INV2021-2022;L;05:47;01:24;39;7;4;1
566;BUS;12842;INV2021-2022;S;06:45;19:34;13;2;1;0
71;BUS;11358;INV2021-2022;F;21:46;02:40;15;0;0;7
2;TRAM;4653;INV2021-2022;S;06:10;01:56;112;13;14;8
84;BUS;10124;INV2021-2022;L;05:15;01:01;61;10;7;6
70;BUS;10095;INV2021-2022;F;07:53;18:52;49;6;9;0
80;BUS;10304;INV2021-2022;F;01:45;06:15;10;0;0;0
700;BUS;10401;INV2021-2022;S;05:55;23:55;59;7;8;3
353;BUS;8838;INV2021-2022;F;06:35;00:22;38;3;3;3
561;BUS;9308;INV2021-2022;F;10:40;18:15;4;0;1;0
66;BUS;4039;INV2021-2022;F;06:00;00:44;37;4;4;3
528;BUS;9319;INV2021-2022;F;06:28;22:16;48;6;6;1
566;BUS;7657;INV2021-2022;S;07:10;19:50;13;3;2;0
566;BUS;12395;INV2021-2022;S;06:25;18:45;12;2;1;0
166;BUS;6145;INV2021-2022;L;05:50;20:48;36;5;4;0
727;BUS;12198;INV2021-2022;F;05:40;22:11;27;3;3;0
728;BUS;6252;INV2021-2022;F;05:30;06:37;2;0;0;0
423;BUS;8231;INV2021-2022;L;13:05;19:09;7;0;0;0
431;BUS;11301;INV2021-2022;L;06:55;19:50;19;1;4;0
433;BUS;12276;INV2021-2022;L;07:25;20:51;14;5;2;0
50;BUS;10074;INV2021-2022;S;01:25;01:24;121;16;12;7
125;BUS;10011;INV2021-2022;L;00:25;05:19;11;0;0;0
121;BUS;4241;INV2021-2022;L;06:11;20:39;30;11;0;0
53;BUS;10077;INV2021-2022;S;05:40;01:14;95;13;11;6
57;BUS;7543;INV2021-2022;S;01:44;01:40;24;0;0;8
64;BUS;10303;INV2021-2022;S;08:19;21:38;15;2;2;0
153;BUS;12493;INV2021-2022;L;00:25;06:13;11;0;0;0
33;TRAM;8260;INV2021-2022;F;05:45;01:40;67;6;7;6
82;BUS;9212;INV2021-2022;S;06:00;01:03;78;10;9;6
47;BUS;12254;INV2021-2022;F;06:00;01:06;70;8;7;7
54;BUS;12727;INV2021-2022;S;01:56;02:02;139;16;14;8
87;BUS;8806;INV2021-2022;F;06:02;01:25;61;6;6;5
322;BUS;12273;INV2021-2022;F;06:35;23:56;18;2;2;2
43;BUS;11524;INV2021-2022;L;06:10;00:51;109;19;11;6
321;BUS;12293;INV2021-2022;F;07:10;01:24;31;4;4;1
925;BUS;7691;INV2021-2022;S;07:15;19:43;32;5;5;0
46;BUS;11343;INV2021-2022;S;06:23;21:32;57;8;8;0
65;BUS;8402;INV2021-2022;S;06:15;22:02;62;8;8;0
81;BUS;6201;INV2021-2022;F;06:10;22:20;66;8;8;0
151;BUS;10036;INV2021-2022;F;01:30;02:04;13;0;0;0
328;BUS;10539;INV2021-2022;S;06:25;21:21;33;6;4;0
71;BUS;11350;INV2021-2022;F;21:38;02:12;14;0;0;6
121;BUS;4872;INV2021-2022;L;05:05;22:31;70;11;6;1
325;BUS;12390;INV2021-2022;S;06:10;01:35;100;14;12;4
81;BUS;6203;INV2021-2022;L;22:17;01:20;12;0;0;7
121;BUS;4873;INV2021-2022;L;05:50;20:19;30;9;0;0
43;BUS;11524;INV2021-2022;S;06:10;00:51;93;12;11;6
166;BUS;8842;INV2021-2022;S;05:35;19:33;27;4;4;0
79;BUS;8413;INV2021-2022;L;06:20;22:00;21;1;5;0
176;BUS;2982;INV2021-2022;F;08:02;17:52;40;4;8;0
52;BUS;12894;INV2021-2022;F;06:00;22:40;64;8;8;1
49;BUS;8093;INV2021-2022;S;06:00;01:22;117;20;11;8
88;BUS;5087;INV2021-2022;L;06:10;20:04;33;6;3;0
165;BUS;9750;INV2021-2022;L;09:15;01:07;25;0;4;2
41;BUS;12917;INV2021-2022;S;06:00;00:18;62;8;7;6
56;BUS;654;INV2021-2022;L;06:03;02:08;99;14;11;4
41;BUS;12712;INV2021-2022;L;05:58;00:43;77;9;9;6
59;BUS;11345;INV2021-2022;S;06:05;20:01;65;9;9;0
713;BUS;7621;INV2021-2022;F;06:00;00:27;52;6;6;4
53;BUS;9629;INV2021-2022;F;06:25;01:07;63;6;6;6
66;BUS;8658;INV2021-2022;S;06:23;00:15;26;3;3;3
15;TRAM;9901;INV2021-2022;L;01:45;02:01;144;18;15;8
55;BUS;12442;INV2021-2022;S;07:04;19:37;19;4;3;0
152;BUS;10042;INV2021-2022;S;01:10;02:02;10;0;0;0
77;BUS;9439;INV2021-2022;S;06:32;00:14;56;8;6;4
15;TRAM;9904;INV2021-2022;L;02:33;02:35;21;0;0;1
90;FILOBUS;3575;INV2021-2022;F;01:30;01:57;113;10;10;8
73;BUS;10117;INV2021-2022;F;06:58;00:32;23;2;2;3
90;FILOBUS;3575;INV2021-2022;S;01:30;01:57;147;16;16;9
81;BUS;6201;INV2021-2022;L;06:05;22:20;92;14;11;0
38;BUS;9924;INV2021-2022;F;06:30;00:07;45;4;4;5
52;BUS;12893;INV2021-2022;F;06:00;22:27;64;8;8;1
75;BUS;5494;INV2021-2022;L;06:09;22:27;49;7;6;1
165;BUS;9750;INV2021-2022;S;09:10;01:07;30;0;4;2
433;BUS;12281;INV2021-2022;S;06:40;07:54;2;1;0;0
58;BUS;11299;INV2021-2022;L;06:26;01:42;118;15;16;6
71;BUS;11348;INV2021-2022;L;06:05;21:42;94;16;10;0
902;BUS;8742;INV2021-2022;F;08:00;21:12;12;1;2;0
31;TRAM;7212;INV2021-2022;S;00:19;02:28;5;0;0;0
80;BUS;9309;INV2021-2022;S;05:20;01:47;72;8;7;7
179;BUS;9933;INV2021-2022;S;05:24;09:17;9;4;0;0
702;BUS;9984;INV2021-2022;F;06:00;23:48;18;2;2;2
19;TRAM;9367;INV2021-2022;F;04:48;06:11;2;0;0;0
728;BUS;7607;INV2021-2022;F;05:45;01:19;39;4;4;4
56;BUS;480;INV2021-2022;L;05:26;01:44;100;17;11;4
31;TRAM;4842;INV2021-2022;L;05:20;07:29;10;1;0;0
56;BUS;3465;INV2021-2022;L;05:53;01:54;140;16;19;5
528;BUS;9362;INV2021-2022;L;06:36;20:55;22;5;2;0
5;TRAM;6708;INV2021-2022;F;04:52;01:27;88;8;8;8
705;BUS;5650;INV2021-2022;L;06:05;20:37;30;3;4;0
71;BUS;11348;INV2021-2022;S;06:05;21:40;70;10;9;0
98;BUS;9899;INV2021-2022;S;05:55;01:47;101;12;10;8
132;BUS;12196;INV2021-2022;S;05:55;00:37;39;7;4;2
327;BUS;12310;INV2021-2022;S;06:58;19:10;9;3;0;0
79;BUS;9922;INV2021-2022;L;06:05;22:17;67;9;10;0
86;BUS;7225;INV2021-2022;S;06:00;22:15;76;10;10;0
84;BUS;10124;INV2021-2022;F;06:00;01:01;45;4;4;8
729;BUS;322;INV2021-2022;F;06:00;01:23;50;4;4;6
89;BUS;6802;INV2021-2022;L;06:40;20:42;32;7;3;0
81;BUS;10006;INV2021-2022;L;05:45;21:47;93;16;11;0
166;BUS;8843;INV2021-2022;F;06:00;23:16;21;2;2;1
38;BUS;9925;INV2021-2022;S;06:30;19:51;35;4;4;0
702;BUS;9984;INV2021-2022;S;05:40;23:48;34;5;4;2
31;TRAM;7214;INV2021-2022;S;05:40;23:45;86;11;10;5
60;BUS;9670;INV2021-2022;F;06:10;01:58;81;7;8;8
127;BUS;11722;INV2021-2022;S;01:28;05:53;9;0;0;0
124;BUS;11634;INV2021-2022;F;02:35;05:47;7;0;0;0
171;BUS;7893;INV2021-2022;F;08:05;17:48;76;8;17;0
171;BUS;7894;INV2021-2022;L;08:10;17:50;41;4;8;0
5;TRAM;6774;INV2021-2022;L;05:25;02:07;118;17;12;7
81;BUS;10007;INV2021-2022;F;21:55;00:58;12;0;0;8
92;FILOBUS;12759;INV2021-2022;S;06:06;01:44;99;11;12;7
51;BUS;10334;INV2021-2022;L;06:10;01:01;89;11;10;6
55;BUS;475;INV2021-2022;L;06:30;19:07;60;10;9;0
151;BUS;9696;INV2021-2022;L;01:27;02:07;12;0;0;0
73;BUS;10117;INV2021-2022;S;06:10;00:32;34;4;3;3
321;BUS;12290;INV2021-2022;S;05:40;00:44;40;6;4;1
353;BUS;8838;INV2021-2022;S;06:50;00:23;25;3;2;3
153;BUS;12314;INV2021-2022;L;00:37;06:25;11;0;0;0
230;BUS;8451;INV2021-2022;L;06:25;22:54;45;11;4;1
201;BUS;12133;INV2021-2022;F;20:52;00:55;18;0;0;9
44;BUS;6496;INV2021-2022;F;06:08;21:47;54;8;7;0
424;BUS;4506;INV2021-2022;S;06:20;07:58;4;2;0;0
39;BUS;11335;INV2021-2022;F;06:23;22:01;48;5;5;0
222;BUS;11657;INV2021-2022;L;04:50;00:47;79;10;8;2
351;BUS;12021;INV2021-2022;L;07:01;23:01;40;7;3;1
34;BUS;11632;INV2021-2022;S;06:00;21:35;52;9;6;0
151;BUS;12453;INV2021-2022;F;01:24;01:22;11;0;0;0
74;BUS;11424;INV2021-2022;L;05:35;02:08;126;18;14;6
924;BUS;9140;INV2021-2022;L;06:27;19:27;16;5;0;0
201;BUS;12132;INV2021-2022;L;06:10;20:42;44;8;4;0
924;BUS;12336;INV2021-2022;L;06:40;19:14;14;7;0;0
328;BUS;10539;INV2021-2022;F;06:50;21:26;31;4;4;0
431;BUS;11304;INV2021-2022;L;06:30;19:25;20;2;3;0
65;BUS;9747;INV2021-2022;S;20:20;22:33;8;0;0;1
83;BUS;6737;INV2021-2022;S;20:38;22:25;6;0;0;0
709;BUS;7285;INV2021-2022;L;07:05;19:22;10;3;0;0
423;BUS;8056;INV2021-2022;S;08:00;20:29;22;2;3;0
712;BUS;12677;INV2021-2022;S;06:35;00:21;35;6;4;2
152;BUS;10042;INV2021-2022;F;01:10;02:02;11;0;0;0
73;BUS;10111;INV2021-2022;L;05:30;01:32;93;10;12;6
80;BUS;9309;INV2021-2022;L;05:20;01:47;88;13;8;6
42;BUS;8174;INV2021-2022;F;00:50;00:54;67;5;6;6
151;BUS;11202;INV2021-2022;L;02:07;02:05;10;0;0;0
924;BUS;9137;INV2021-2022;F;06:30;00:08;26;2;2;2
92;FILOBUS;12761;INV2021-2022;F;06:10;00:52;67;8;7;7
38;BUS;11993;INV2021-2022;L;06:35;20:24;42;7;4;0
152;BUS;11425;INV2021-2022;S;01:10;02:01;11;0;0;0
701;BUS;7181;INV2021-2022;S;06:15;19:33;11;2;0;0
63;BUS;10770;INV2021-2022;L;06:13;01:37;95;21;0;8
16;TRAM;7794;INV2021-2022;L;04:45;00:36;95;9;12;6
783;BUS;9778;INV2021-2022;L;05:40;21:30;54;7;6;0
73;BUS;10115;INV2021-2022;F;05:03;01:00;84;9;9;5
172;BUS;10590;INV2021-2022;F;13:35;17:38;5;0;0;0
63;BUS;11197;INV2021-2022;S;05:50;00:53;46;12;0;8
68;BUS;3001;INV2021-2022;S;06:10;22:15;58;8;8;0
705;BUS;5799;INV2021-2022;L;06:30;21:03;46;8;4;0
705;BUS;5799;INV2021-2022;S;06:30;21:03;38;6;4;0
925;BUS;4701;INV2021-2022;F;06:30;01:18;13;1;0;4
7;TRAM;8222;INV2021-2022;S;19:55;01:56;18;0;0;6
328;BUS;12130;INV2021-2022;S;10:40;17:11;7;0;2;0
78;BUS;10491;INV2021-2022;F;06:00;22:27;53;6;6;0
14;TRAM;12908;INV2021-2022;S;05:50;00:47;107;14;12;8
69;BUS;3734;INV2021-2022;F;06:00;21:28;36;4;4;0
90;FILOBUS;4086;INV2021-2022;S;00:55;01:02;147;16;16;9
46;BUS;11405;INV2021-2022;F;06:15;21:23;44;4;4;0
201;BUS;12132;INV2021-2022;S;06:10;20:37;37;5;4;0
93;FILOBUS;5482;INV2021-2022;S;05:45;01:06;92;11;10;6
95;BUS;12490;INV2021-2022;S;05:36;02:02;107;13;11;8
924;BUS;9140;INV2021-2022;S;07:25;08:03;2;2;0;0
165;BUS;9750;INV2021-2022;F;06:45;01:07;22;1;2;2
19;TRAM;9366;INV2021-2022;L;05:43;00:56;116;16;14;6
69;BUS;3732;INV2021-2022;S;06:12;21:48;48;6;7;0
561;BUS;9307;INV2021-2022;S;07:15;23:15;17;3;2;1
56;BUS;3464;INV2021-2022;F;06:09;01:31;56;6;5;5
76;BUS;12248;INV2021-2022;L;06:10;21:51;73;12;8;0
729;BUS;5844;INV2021-2022;F;04:42;06:02;3;0;0;0
4;TRAM;9160;INV2021-2022;S;05:20;02:11;112;12;12;8
151;BUS;10036;INV2021-2022;L;01:30;02:04;12;0;0;0
55;BUS;12657;INV2021-2022;L;07:03;16:26;14;7;0;0
83;BUS;5812;INV2021-2022;S;21:35;01:40;13;0;0;8
88;BUS;5085;INV2021-2022;S;06:07;21:54;46;6;6;0
71;BUS;11357;INV2021-2022;S;06:00;22:10;72;10;9;0
49;BUS;8093;INV2021-2022;L;06:00;01:21;154;23;17;7
59;BUS;11346;INV2021-2022;F;06:30;21:49;61;8;8;0
328;BUS;10537;INV2021-2022;L;06:43;21:57;33;6;4;0
566;BUS;7655;INV2021-2022;L;06:50;19:10;12;1;2;0
115;BUS;10025;INV2021-2022;F;01:28;05:51;9;0;0;0
121;BUS;4241;INV2021-2022;S;06:25;14:39;9;5;0;0
81;BUS;10006;INV2021-2022;F;05:45;21:47;65;8;8;0
88;BUS;5084;INV2021-2022;L;06:20;21:45;47;6;6;0
220;BUS;10545;INV2021-2022;L;05:20;00:51;36;4;4;1
59;BUS;11346;INV2021-2022;S;19:50;21:49;8;0;0;0
62;BUS;5099;INV2021-2022;L;06:05;00:32;95;13;10;6
702;BUS;9982;INV2021-2022;L;05:45;00:57;56;8;7;3
65;BUS;9747;INV2021-2022;L;20:19;22:33;8;0;0;1
68;BUS;7565;INV2021-2022;L;06:10;22:20;66;9;7;0
325;BUS;12389;INV2021-2022;S;05:10;19:51;29;6;0;0
83;BUS;6736;INV2021-2022;S;06:33;20:51;55;8;8;0
174;BUS;12521;INV2021-2022;F;13:35;18:00;9;0;0;0
431;BUS;11301;INV2021-2022;S;06:55;19:50;14;1;2;0
34;BUS;11632;INV2021-2022;F;06:00;21:35;47;6;6;0
69;BUS;4404;INV2021-2022;S;06:30;21:25;47;6;6;0
176;BUS;2983;INV2021-2022;F;08:07;17:57;40;4;8;0
353;BUS;8839;INV2021-2022;F;06:47;00:36;38;2;3;4
42;BUS;8174;INV2021-2022;S;00:50;00:54;93;10;10;6
39;BUS;11335;INV2021-2022;L;05:57;22:01;35;0;9;0
68;BUS;3001;INV2021-2022;F;06:10;22:15;54;7;6;0
73;BUS;10116;INV2021-2022;L;06:21;11:41;16;8;2;0
86;BUS;7225;INV2021-2022;L;06:00;22:15;80;9;10;0
151;BUS;12453;INV2021-2022;S;01:24;01:22;10;0;0;0
35;BUS;12957;INV2021-2022;L;06:00;01:13;61;7;6;6
700;BUS;10401;INV2021-2022;F;05:50;23:54;45;5;5;3
707;BUS;11608;INV2021-2022;L;06:30;21:31;30;4;4;0
35;BUS;12891;INV2021-2022;F;06:15;01:05;56;6;6;6
124;BUS;11635;INV2021-2022;S;02:05;06:07;9;0;0;0
171;BUS;7894;INV2021-2022;S;08:10;17:53;76;7;17;0
61;BUS;12728;INV2021-2022;L;05:50;01:43;107;15;13;6
902;BUS;8742;INV2021-2022;L;06:24;21:07;27;5;2;0
65;BUS;9746;INV2021-2022;S;06:22;20:46;56;8;8;0
40;BUS;6692;INV2021-2022;F;06:05;01:46;75;8;8;6
27;TRAM;11713;INV2021-2022;F;19:32;02:28;6;0;0;0
60;BUS;9670;INV2021-2022;L;06:10;01:58;128;16;16;6
81;BUS;6201;INV2021-2022;S;06:05;22:20;85;13;10;0
327;BUS;12305;INV2021-2022;S;06:23;18:16;9;3;0;0
39;BUS;11336;INV2021-2022;L;06:28;20:00;46;13;0;0
79;BUS;9922;INV2021-2022;F;06:05;22:17;58;7;6;0
91;FILOBUS;4084;INV2021-2022;F;01:50;01:53;110;10;9;8
71;BUS;11348;INV2021-2022;F;06:05;21:40;62;8;8;0
151;BUS;9696;INV2021-2022;F;01:27;02:07;13;0;0;0
528;BUS;9319;INV2021-2022;S;06:28;22:16;37;3;6;1
433;BUS;12281;INV2021-2022;L;06:35;19:36;8;2;0;0
701;BUS;7277;INV2021-2022;S;06:22;00:27;43;6;4;3
33;TRAM;7693;INV2021-2022;S;05:28;02:16;94;11;10;6
57;BUS;7548;INV2021-2022;S;00:50;01:05;21;0;0;7
16;TRAM;7796;INV2021-2022;F;20:50;02:06;8;0;0;2
5;TRAM;6708;INV2021-2022;L;04:52;01:27;117;18;12;7
63;BUS;11197;INV2021-2022;F;05:57;00:53;26;0;0;8
220;BUS;10548;INV2021-2022;L;06:10;00:03;34;4;4;2
561;BUS;9306;INV2021-2022;L;06:40;20:34;14;2;2;0
55;BUS;479;INV2021-2022;L;06:55;19:38;60;11;9;0
64;BUS;10300;INV2021-2022;S;06:00;01:35;67;9;7;5
151;BUS;11202;INV2021-2022;F;02:07;02:05;12;0;0;0
3;TRAM;3275;INV2021-2022;S;06:00;01:33;121;15;15;8
201;BUS;10050;INV2021-2022;S;20:43;00:46;18;0;0;9
126;BUS;9971;INV2021-2022;L;01:40;05:40;9;0;0;0
16;TRAM;12163;INV2021-2022;L;20:27;02:24;3;0;0;0
153;BUS;12493;INV2021-2022;F;00:25;06:43;12;0;0;0
15;TRAM;9903;INV2021-2022;L;00:56;01:29;153;24;15;8
140;BUS;12073;INV2021-2022;S;05:50;18:33;13;3;2;0
38;BUS;9924;INV2021-2022;L;20:00;00:07;9;0;0;5
41;BUS;12916;INV2021-2022;L;06:00;00:18;75;10;8;6
80;BUS;10304;INV2021-2022;L;05:28;20:09;69;13;9;0
1;TRAM;12560;INV2021-2022;F;05:45;01:50;83;8;7;8
925;BUS;4703;INV2021-2022;F;07:16;19:23;15;3;2;0
55;BUS;9941;INV2021-2022;S;06:14;21:46;13;0;0;0
24;TRAM;11684;INV2021-2022;F;05:31;14:30;5;0;0;0
140;BUS;12073;INV2021-2022;L;05:50;20:58;23;3;2;0
57;BUS;7548;INV2021-2022;L;21:06;01:01;10;0;0;6
91;FILOBUS;3578;INV2021-2022;S;00:55;01:23;147;16;15;10
542;BUS;7383;INV2021-2022;S;07:17;20:00;27;5;4;0
925;BUS;10146;INV2021-2022;L;06:05;01:06;32;4;0;4
12;TRAM;12907;INV2021-2022;S;05:25;00:33;103;13;12;6
701;BUS;10097;INV2021-2022;L;05:45;19:17;13;4;0;0
66;BUS;6764;INV2021-2022;F;06:15;01:14;35;4;4;3
925;BUS;10149;INV2021-2022;L;07:13;19:32;34;5;7;0
713;BUS;7616;INV2021-2022;F;06:00;00:27;53;6;6;4
4;TRAM;9158;INV2021-2022;L;04:45;01:36;118;14;14;8
69;BUS;4405;INV2021-2022;F;06:20;20:03;33;5;4;0
179;BUS;9934;INV2021-2022;L;09:04;20:56;5;0;0;0
67;BUS;583;INV2021-2022;S;06:29;00:59;105;14;12;7
64;BUS;10089;INV2021-2022;L;05:59;01:10;94;15;10;6
66;BUS;6764;INV2021-2022;L;06:00;22:55;59;11;5;1
31;TRAM;6782;INV2021-2022;L;05:53;00:27;110;19;10;5
33;TRAM;7693;INV2021-2022;L;05:28;02:16;116;15;13;6
924;BUS;12337;INV2021-2022;S;07:05;21:49;34;5;5;0
78;BUS;10491;INV2021-2022;L;06:00;22:27;80;13;10;0
3;TRAM;3533;INV2021-2022;L;05:59;02:07;137;17;16;8
77;BUS;9439;INV2021-2022;L;06:31;00:14;57;8;6;4
175;BUS;11678;INV2021-2022;S;09:10;12:48;4;0;3;0
60;BUS;9670;INV2021-2022;S;06:10;01:58;106;12;12;8
95;BUS;12491;INV2021-2022;F;05:23;01:42;80;8;7;8
84;BUS;9693;INV2021-2022;F;06:44;01:24;46;4;4;8
63;BUS;11213;INV2021-2022;L;06:51;07:42;3;1;0;0
222;BUS;11657;INV2021-2022;S;04:50;00:47;60;10;6;2
4;TRAM;9160;INV2021-2022;L;05:20;02:11;118;14;14;8
83;BUS;6736;INV2021-2022;F;06:00;20:53;52;6;6;0
83;BUS;5812;INV2021-2022;L;06:34;01:40;33;5;0;8
433;BUS;12278;INV2021-2022;L;09:00;19:20;8;0;2;0
705;BUS;5702;INV2021-2022;S;07:22;14:51;9;3;0;0
19;TRAM;9398;INV2021-2022;F;05:53;01:58;80;7;7;6
98;BUS;9899;INV2021-2022;L;05:55;01:47;120;18;13;8
707;BUS;11608;INV2021-2022;S;06:30;21:31;30;4;4;0
925;BUS;10146;INV2021-2022;S;06:15;01:03;19;0;0;4
19;TRAM;9398;INV2021-2022;S;04:45;01:58;100;11;11;6
151;BUS;12453;INV2021-2022;L;01:24;01:22;10;0;0;0
713;BUS;7621;INV2021-2022;L;06:05;00:27;81;14;8;4
1;TRAM;9457;INV2021-2022;L;05:32;02:10;133;18;15;7
69;BUS;3732;INV2021-2022;F;06:17;21:45;36;5;4;0
130;BUS;12178;INV2021-2022;L;06:35;20:32;45;8;6;0
166;BUS;8843;INV2021-2022;L;19:25;23:16;5;0;0;1
901;BUS;8736;INV2021-2022;S;06:10;20:33;19;4;2;0
64;BUS;10089;INV2021-2022;F;06:06;01:10;61;6;6;6
560;BUS;9303;INV2021-2022;L;05:30;20:52;35;5;4;0
57;BUS;7542;INV2021-2022;L;05:39;20:48;130;24;16;0
14;TRAM;12809;INV2021-2022;F;20:45;02:43;6;0;0;0
433;BUS;12278;INV2021-2022;S;09:00;19:13;2;0;0;0
433;BUS;12280;INV2021-2022;S;06:25;19:28;21;2;4;0
39;BUS;11336;INV2021-2022;S;06:27;15:52;23;10;0;0
75;BUS;5492;INV2021-2022;L;05:55;21:57;47;6;6;0
48;BUS;8988;INV2021-2022;F;06:41;20:55;29;4;4;0
59;BUS;11347;INV2021-2022;S;06:30;19:56;63;9;9;0
39;BUS;11334;INV2021-2022;S;06:00;15:30;23;8;0;0
89;BUS;6796;INV2021-2022;L;06:20;21:01;36;9;2;0
79;BUS;8414;INV2021-2022;L;06:35;22:19;46;8;5;0
16;TRAM;7793;INV2021-2022;S;04:32;13:26;11;1;0;0
40;BUS;11322;INV2021-2022;S;05:50;01:43;97;12;12;7
542;BUS;7383;INV2021-2022;L;07:07;20:00;27;5;4;0
16;TRAM;7794;INV2021-2022;S;04:45;00:36;106;12;11;7
528;BUS;9361;INV2021-2022;L;06:00;20:36;25;6;2;0
222;BUS;11656;INV2021-2022;F;06:45;22:36;26;2;2;1
352;BUS;5748;INV2021-2022;S;05:55;21:06;38;7;4;0
31;TRAM;6778;INV2021-2022;L;08:11;02:54;15;4;0;0
5;TRAM;6708;INV2021-2022;S;04:52;01:27;112;13;12;8
14;TRAM;12808;INV2021-2022;S;04:51;02:01;111;14;13;8
94;BUS;11522;INV2021-2022;S;01:37;01:31;128;14;14;8
99;BUS;11652;INV2021-2022;S;06:35;22:15;32;4;4;1
70;BUS;9217;INV2021-2022;S;07:16;18:06;63;11;12;0
5;TRAM;6774;INV2021-2022;S;05:25;02:07;111;13;12;8
700;BUS;8599;INV2021-2022;S;06:00;23:40;59;7;7;3
38;BUS;9924;INV2021-2022;S;20:00;00:07;9;0;0;5
55;BUS;12442;INV2021-2022;L;07:15;19:43;24;6;3;0
77;BUS;9439;INV2021-2022;F;06:30;20:34;47;5;7;0
712;BUS;12678;INV2021-2022;F;06:10;00:50;33;4;4;2
126;BUS;9971;INV2021-2022;S;01:40;05:40;9;0;0;0
45;BUS;11662;INV2021-2022;S;06:00;22:12;68;11;8;0
126;BUS;9970;INV2021-2022;F;01:00;05:36;9;0;0;0
423;BUS;8230;INV2021-2022;L;06:17;20:09;39;11;4;0
71;BUS;11358;INV2021-2022;L;21:46;02:40;12;0;0;5
201;BUS;10050;INV2021-2022;L;20:43;00:46;18;0;0;9
542;BUS;7384;INV2021-2022;F;07:45;19:52;25;3;4;0
10;TRAM;10930;INV2021-2022;S;05:14;00:53;113;13;13;8
14;TRAM;12908;INV2021-2022;L;05:50;00:47;126;18;15;8
65;BUS;8402;INV2021-2022;F;06:15;22:06;57;6;6;0
927;BUS;12820;INV2021-2022;L;09:33;17:18;16;0;4;0
16;TRAM;7794;INV2021-2022;F;05:55;00:36;80;8;8;7
49;BUS;8093;INV2021-2022;F;06:10;01:22;93;9;9;8
230;BUS;10567;INV2021-2022;L;06:15;22:26;43;11;4;0
700;BUS;8599;INV2021-2022;F;06:05;23:40;44;5;5;3
43;BUS;4705;INV2021-2022;L;06:08;01:25;113;18;12;7
431;BUS;11304;INV2021-2022;S;06:30;19:24;14;1;2;0
88;BUS;5084;INV2021-2022;F;15:10;21:46;12;0;0;0
95;BUS;12490;INV2021-2022;F;05:36;02:02;81;8;7;8
924;BUS;10145;INV2021-2022;S;07:51;08:27;1;1;0;0
31;TRAM;4842;INV2021-2022;S;05:20;06:34;5;0;0;0
47;BUS;12254;INV2021-2022;S;06:00;01:06;79;10;9;7
14;TRAM;12808;INV2021-2022;F;06:04;02:04;86;8;9;8
54;BUS;12145;INV2021-2022;L;05:47;01:22;166;27;19;6
2;TRAM;12381;INV2021-2022;S;05:08;00:35;114;15;13;8
327;BUS;12304;INV2021-2022;F;06:20;00:32;49;4;6;2
40;BUS;11322;INV2021-2022;F;05:50;01:43;75;8;9;7
70;BUS;9216;INV2021-2022;F;06:19;02:04;36;1;0;8
325;BUS;7455;INV2021-2022;S;04:40;20:26;29;4;0;0
51;BUS;10338;INV2021-2022;F;05:50;01:40;67;7;7;7
88;BUS;8655;INV2021-2022;L;05:50;20:04;35;6;3;0
727;BUS;9175;INV2021-2022;L;06:15;22:12;49;9;4;0
902;BUS;6291;INV2021-2022;L;06:00;20:44;27;6;2;0
925;BUS;10147;INV2021-2022;L;07:26;18:26;36;11;0;0
327;BUS;12311;INV2021-2022;S;06:33;19:52;16;6;0;0
74;BUS;11353;INV2021-2022;L;05:08;01:41;127;19;14;6
152;BUS;11425;INV2021-2022;L;01:10;02:01;11;0;0;0
10;TRAM;10933;INV2021-2022;F;05:42;01:41;85;8;8;8
71;BUS;11358;INV2021-2022;S;21:46;02:40;15;0;0;7
76;BUS;12248;INV2021-2022;S;06:10;21:51;65;9;8;0
66;BUS;8656;INV2021-2022;L;06:00;22:55;58;11;5;1
925;BUS;10146;INV2021-2022;F;06:15;01:03;13;0;0;4
1;TRAM;9457;INV2021-2022;S;05:32;02:14;113;13;13;8
50;BUS;10074;INV2021-2022;L;05:55;01:24;152;26;15;7
43;BUS;11524;INV2021-2022;F;06:10;00:51;69;8;7;6
3;TRAM;3275;INV2021-2022;F;06:00;01:32;82;8;8;7
65;BUS;9747;INV2021-2022;F;20:22;22:33;8;0;0;1
115;BUS;9665;INV2021-2022;S;02:03;05:26;7;0;0;0
151;BUS;11202;INV2021-2022;S;02:07;02:05;10;0;0;0
61;BUS;12728;INV2021-2022;F;06:10;01:43;71;8;8;7
79;BUS;9922;INV2021-2022;S;06:05;22:17;68;10;8;0
925;BUS;10148;INV2021-2022;S;07:00;19:51;32;5;6;0
179;BUS;9934;INV2021-2022;S;09:04;09:38;2;0;0;0
433;BUS;12282;INV2021-2022;L;09:41;20:11;8;0;2;0
561;BUS;9308;INV2021-2022;S;08:10;20:46;13;1;2;0
43;BUS;4705;INV2021-2022;F;06:10;01:25;71;8;8;7
88;BUS;8655;INV2021-2022;F;05:50;20:03;22;3;3;0
4;TRAM;9160;INV2021-2022;F;05:18;02:10;84;7;7;8
16;TRAM;7793;INV2021-2022;L;04:32;17:10;11;0;0;0
60;BUS;10084;INV2021-2022;L;05:55;01:26;126;17;16;6
65;BUS;9746;INV2021-2022;F;06:22;20:45;50;7;7;0
83;BUS;6737;INV2021-2022;L;20:54;22:25;3;0;0;0
561;BUS;9307;INV2021-2022;L;07:15;23:15;21;5;2;1
34;BUS;11633;INV2021-2022;F;06:15;21:50;47;6;6;0
80;BUS;10304;INV2021-2022;S;01:45;20:06;61;7;7;0
27;TRAM;11709;INV2021-2022;L;04:32;02:08;149;19;15;8
220;BUS;10545;INV2021-2022;S;05:20;00:51;36;4;4;1
140;BUS;12074;INV2021-2022;L;06:30;20:14;21;6;2;0
24;TRAM;11683;INV2021-2022;S;05:53;02:01;113;14;12;8
561;BUS;9305;INV2021-2022;S;06:40;22:38;18;4;2;1
47;BUS;12254;INV2021-2022;L;06:00;01:11;85;13;9;5
99;BUS;11652;INV2021-2022;L;06:35;22:15;55;8;8;1
705;BUS;5785;INV2021-2022;L;08:57;21:25;6;1;0;0
9;TRAM;9962;INV2021-2022;S;05:35;02:26;139;15;15;12
327;BUS;12306;INV2021-2022;L;06:38;20:19;19;4;0;0
24;TRAM;11683;INV2021-2022;F;06:07;02:01;79;6;8;8
151;BUS;10036;INV2021-2022;S;01:30;02:04;12;0;0;0
15;TRAM;9903;INV2021-2022;S;00:56;01:29;131;17;15;8
53;BUS;9629;INV2021-2022;L;06:00;01:07;99;15;11;6
71;BUS;11357;INV2021-2022;F;06:08;22:10;63;8;8;0
75;BUS;5494;INV2021-2022;S;06:09;22:27;44;5;5;1
60;BUS;10084;INV2021-2022;S;05:55;01:26;105;13;12;8
66;BUS;8656;INV2021-2022;S;06:00;00:35;43;5;5;3
52;BUS;12894;INV2021-2022;S;06:00;22:40;86;12;11;1
925;BUS;4703;INV2021-2022;L;07:04;20:19;45;9;5;0
83;BUS;5804;INV2021-2022;F;23:30;02:09;4;0;0;1
561;BUS;9306;INV2021-2022;S;09:00;20:34;12;0;2;0
423;BUS;8057;INV2021-2022;L;06:35;09:05;6;5;0;0
31;TRAM;6777;INV2021-2022;F;23:45;01:54;5;0;0;1
709;BUS;6567;INV2021-2022;L;06:45;19:02;10;3;0;0
82;BUS;12963;INV2021-2022;S;06:25;01:34;78;9;9;6
220;BUS;10544;INV2021-2022;S;06:10;20:59;29;4;4;0
88;BUS;5087;INV2021-2022;S;06:10;20:03;32;6;3;0
71;BUS;11357;INV2021-2022;L;06:00;22:06;95;16;10;0
222;BUS;7891;INV2021-2022;L;06:10;06:52;2;0;0;0
41;BUS;12916;INV2021-2022;F;06:00;00:18;51;6;6;6
45;BUS;11664;INV2021-2022;S;05:49;22:00;67;10;8;0
230;BUS;8451;INV2021-2022;F;08:55;21:18;10;1;2;0
965;BUS;7613;INV2021-2022;S;06:20;20:40;36;8;4;0
77;BUS;9443;INV2021-2022;F;06:26;20:13;46;5;7;0
701;BUS;7275;INV2021-2022;S;06:05;23:57;42;6;4;4
55;BUS;479;INV2021-2022;F;06:55;19:25;62;9;10;0
48;BUS;8989;INV2021-2022;F;07:05;21:34;29;4;4;0
705;BUS;5785;INV2021-2022;S;08:55;21:25;4;1;0;0
47;BUS;10072;INV2021-2022;S;06:24;01:19;79;10;9;7
57;BUS;7542;INV2021-2022;F;05:14;21:03;96;12;12;0
83;BUS;6737;INV2021-2022;F;20:40;22:27;6;0;0;0
64;BUS;10300;INV2021-2022;L;06:00;01:35;81;15;6;5
39;BUS;11333;INV2021-2022;S;05:35;21:57;42;2;6;0
95;BUS;12491;INV2021-2022;S;05:09;01:42;105;13;11;8
98;BUS;7814;INV2021-2022;L;05:52;01:17;119;17;13;8
12;TRAM;12801;INV2021-2022;S;06:10;02:11;107;13;12;6
327;BUS;12306;INV2021-2022;S;06:50;19:46;15;4;0;0
15;TRAM;9901;INV2021-2022;S;01:45;02:33;130;15;15;8
75;BUS;5492;INV2021-2022;S;06:22;21:57;42;6;6;0
712;BUS;12677;INV2021-2022;F;06:35;00:21;32;4;4;2
2;TRAM;4653;INV2021-2022;F;06:10;01:55;81;8;8;8
31;TRAM;7212;INV2021-2022;L;00:19;02:28;5;0;0;0
230;BUS;10567;INV2021-2022;F;08:10;20:38;10;1;1;0
83;BUS;5795;INV2021-2022;F;22:15;01:10;8;0;0;6
433;BUS;12277;INV2021-2022;S;13:00;19:46;2;0;0;0
121;BUS;4872;INV2021-2022;F;07:15;22:31;21;3;3;1
34;BUS;11633;INV2021-2022;S;06:15;21:50;52;9;6;0
50;BUS;11297;INV2021-2022;S;01:55;01:56;119;16;12;7
708;BUS;9779;INV2021-2022;S;06:20;20:29;35;9;4;0
27;TRAM;11709;INV2021-2022;F;05:28;02:08;91;10;9;8
15;TRAM;9902;INV2021-2022;L;00:14;17:41;30;3;0;0
58;BUS;9878;INV2021-2022;L;06:05;01:30;118;15;16;6
729;BUS;322;INV2021-2022;L;05:50;01:23;70;10;6;6
165;BUS;10013;INV2021-2022;F;06:15;00:32;21;2;1;1
40;BUS;6692;INV2021-2022;L;06:05;01:46;115;19;13;6
424;BUS;4508;INV2021-2022;L;06:30;19:32;11;5;0;0
3;TRAM;5190;INV2021-2022;F;21:03;01:47;5;0;0;1
15;TRAM;9902;INV2021-2022;F;04:06;14:38;9;0;0;0
55;BUS;9941;INV2021-2022;L;06:14;21:46;16;0;0;0
86;BUS;7225;INV2021-2022;F;06:00;22:15;60;8;7;0
59;BUS;11344;INV2021-2022;F;06:05;21:59;63;8;8;0
71;BUS;11350;INV2021-2022;L;21:46;02:12;11;0;0;5
153;BUS;12314;INV2021-2022;S;00:37;06:25;11;0;0;0
7;TRAM;8223;INV2021-2022;S;20:12;02:12;18;0;0;6
433;BUS;12276;INV2021-2022;S;07:30;20:14;20;3;4;0
9;TRAM;4538;INV2021-2022;F;04:45;01:34;114;12;12;9
10;TRAM;10930;INV2021-2022;F;05:14;00:50;83;8;8;8
39;BUS;11335;INV2021-2022;S;05:57;22:01;39;0;7;0
63;BUS;10769;INV2021-2022;S;07:00;20:45;74;10;12;0
165;BUS;10013;INV2021-2022;S;09:10;00:32;27;0;4;1
151;BUS;9696;INV2021-2022;S;01:27;02:07;12;0;0;0
57;BUS;7543;INV2021-2022;F;01:44;01:40;25;0;0;8
566;BUS;12842;INV2021-2022;L;06:45;19:34;14;2;2;0
7;TRAM;6791;INV2021-2022;L;05:33;20:12;71;10;11;0
49;BUS;8090;INV2021-2022;F;06:15;00:46;88;10;9;8
323;BUS;12402;INV2021-2022;S;05:53;21:16;31;4;4;0
73;BUS;10117;INV2021-2022;L;06:10;00:32;28;0;2;3
16;TRAM;7796;INV2021-2022;L;09:29;02:06;10;0;1;2
16;TRAM;12163;INV2021-2022;F;01:22;02:24;2;0;0;0
220;BUS;10545;INV2021-2022;F;05:45;20:25;15;2;2;0
328;BUS;12130;INV2021-2022;L;09:44;17:45;16;0;4;0
81;BUS;6203;INV2021-2022;S;22:17;01:20;12;0;0;7
566;BUS;7653;INV2021-2022;L;05:30;21:03;18;2;1;0
729;BUS;5844;INV2021-2022;L;04:42;19:59;28;8;0;0
84;BUS;10123;INV2021-2022;S;05:35;22:11;49;6;6;0
80;BUS;9309;INV2021-2022;F;05:20;01:47;81;8;8;7
566;BUS;7653;INV2021-2022;S;06:30;19:42;16;3;1;0
89;BUS;6803;INV2021-2022;L;11:03;17:01;4;0;1;0
727;BUS;9177;INV2021-2022;F;06:15;22:12;26;3;3;0
127;BUS;11837;INV2021-2022;S;02:02;05:28;7;0;0;0
55;BUS;10081;INV2021-2022;S;07:33;19:25;18;3;3;0
79;BUS;4243;INV2021-2022;L;07:06;19:55;25;7;0;0
323;BUS;12283;INV2021-2022;F;06:00;21:24;16;2;2;0
132;BUS;11825;INV2021-2022;S;06:21;01:06;39;8;4;2
63;BUS;11198;INV2021-2022;S;06:35;20:02;71;11;12;0
27;TRAM;11716;INV2021-2022;L;04:58;01:25;134;19;15;8
91;FILOBUS;4084;INV2021-2022;S;01:50;01:53;147;16;15;8
130;BUS;12176;INV2021-2022;S;06:20;17:02;18;4;3;0
44;BUS;5569;INV2021-2022;L;05:46;22:10;89;14;9;0
31;TRAM;6778;INV2021-2022;S;08:49;02:54;6;1;0;0
179;BUS;9933;INV2021-2022;L;05:24;20:12;19;4;0;0
433;BUS;12282;INV2021-2022;S;09:41;10:23;1;0;0;0
528;BUS;9319;INV2021-2022;L;09:48;22:16;23;0;4;1
566;BUS;7657;INV2021-2022;L;07:10;19:50;15;3;3;0
323;BUS;12402;INV2021-2022;F;06:35;21:00;15;2;2;0
49;BUS;8090;INV2021-2022;L;06:03;00:48;145;25;16;7
82;BUS;9212;INV2021-2022;F;06:00;01:03;62;6;5;6
78;BUS;10491;INV2021-2022;S;06:00;22:27;63;8;8;0
125;BUS;10011;INV2021-2022;S;00:25;05:19;11;0;0;0
14;TRAM;12809;INV2021-2022;L;08:24;02:46;21;3;0;2
74;BUS;11424;INV2021-2022;F;06:20;02:09;79;8;8;8
55;BUS;475;INV2021-2022;S;06:29;19:10;53;8;8;0
94;BUS;11522;INV2021-2022;F;01:37;01:31;85;8;7;8
325;BUS;6244;INV2021-2022;L;05:47;01:05;193;34;18;4
728;BUS;7607;INV2021-2022;S;05:40;01:19;48;6;5;4
560;BUS;9303;INV2021-2022;S;05:30;20:22;29;4;4;0
33;TRAM;8260;INV2021-2022;L;05:45;01:40;110;14;12;6
84;BUS;9692;INV2021-2022;S;16:45;22:05;14;0;0;0
84;BUS;10123;INV2021-2022;L;05:35;21:55;61;9;8;0
82;BUS;12963;INV2021-2022;L;06:25;01:34;95;13;10;6
98;BUS;9899;INV2021-2022;F;05:55;01:47;84;8;8;8
46;BUS;11343;INV2021-2022;L;06:23;21:32;67;12;8;0
729;BUS;5844;INV2021-2022;S;04:42;19:42;24;5;0;0
924;BUS;12337;INV2021-2022;L;06:54;21:51;35;4;5;0
56;BUS;3464;INV2021-2022;S;06:07;01:31;79;10;9;5
94;BUS;10152;INV2021-2022;F;01:05;01:01;82;8;8;7
152;BUS;10042;INV2021-2022;L;01:10;02:02;10;0;0;0
166;BUS;8843;INV2021-2022;S;19:20;23:16;5;0;0;1
528;BUS;9320;INV2021-2022;F;06:36;22:24;48;6;6;1
62;BUS;5099;INV2021-2022;F;06:05;00:32;56;6;5;6
153;BUS;12493;INV2021-2022;S;00:25;05:43;10;0;0;0
566;BUS;7654;INV2021-2022;S;06:10;20:30;10;1;2;0
713;BUS;7621;INV2021-2022;S;17:00;00:27;23;0;0;4
321;BUS;12296;INV2021-2022;L;05:48;20:19;39;8;4;0
566;BUS;12395;INV2021-2022;L;06:25;18:45;13;2;1;0
62;BUS;7123;INV2021-2022;F;06:15;01:02;57;6;6;6
924;BUS;10557;INV2021-2022;S;06:20;13:26;8;3;0;0
86;BUS;7227;INV2021-2022;F;05:30;21:58;61;8;7;0
708;BUS;10389;INV2021-2022;L;06:42;19:51;14;4;0;0
67;BUS;4540;INV2021-2022;F;05:54;00:24;75;9;7;7
323;BUS;12402;INV2021-2022;L;05:53;21:10;34;4;4;0
728;BUS;7608;INV2021-2022;F;06:35;01:42;38;4;4;4
9;TRAM;4538;INV2021-2022;L;04:45;01:33;155;22;18;8
69;BUS;3732;INV2021-2022;L;06:11;21:48;61;9;8;0
99;BUS;11653;INV2021-2022;F;06:18;22:05;32;4;4;0
88;BUS;5085;INV2021-2022;F;14:51;21:54;13;0;0;0
201;BUS;12174;INV2021-2022;S;06:05;20:39;37;6;4;0
423;BUS;8056;INV2021-2022;L;06:55;20:51;41;5;4;0
3;TRAM;5065;INV2021-2022;L;05:26;17:57;10;1;0;0
45;BUS;11662;INV2021-2022;F;06:10;22:14;47;6;6;0
179;BUS;9929;INV2021-2022;L;06:15;20:41;19;5;0;0
220;BUS;10544;INV2021-2022;L;06:10;21:00;29;4;4;0
707;BUS;6844;INV2021-2022;S;06:10;21:42;31;4;4;0
901;BUS;8736;INV2021-2022;L;06:30;21:03;26;6;2;0
701;BUS;7277;INV2021-2022;L;06:22;00:27;48;8;4;3
132;BUS;11825;INV2021-2022;L;06:21;01:06;49;8;6;2
902;BUS;8742;INV2021-2022;S;06:39;21:07;21;4;2;0
179;BUS;9931;INV2021-2022;L;05:11;15:36;5;0;0;0
222;BUS;11657;INV2021-2022;F;06:00;00:47;29;2;2;2
69;BUS;3734;INV2021-2022;S;06:00;21:33;48;7;6;0
423;BUS;8231;INV2021-2022;S;13:35;14:06;1;0;0;0
83;BUS;5812;INV2021-2022;F;21:35;01:40;13;0;0;8
10;TRAM;10933;INV2021-2022;L;05:42;01:41;130;15;15;8
52;BUS;12893;INV2021-2022;L;06:00;22:27;98;15;11;1
74;BUS;11424;INV2021-2022;S;05:35;02:09;108;13;12;8
83;BUS;5804;INV2021-2022;L;23:30;02:09;4;0;0;1
325;BUS;12390;INV2021-2022;F;06:20;01:35;94;10;11;4
702;BUS;9982;INV2021-2022;S;17:04;00:56;14;0;0;2
325;BUS;6244;INV2021-2022;S;05:47;01:05;100;15;12;4
708;BUS;10386;INV2021-2022;F;06:30;20:55;25;4;4;0
88;BUS;5084;INV2021-2022;S;06:20;21:46;46;6;6;0
24;TRAM;11628;INV2021-2022;L;05:20;02:30;170;25;18;8
423;BUS;8057;INV2021-2022;S;06:40;08:04;3;2;0;0
54;BUS;12727;INV2021-2022;F;01:56;02:02;98;9;9;8
327;BUS;12309;INV2021-2022;F;05:50;23:57;52;4;6;2
701;BUS;7277;INV2021-2022;F;06:25;00:27;36;4;4;3
24;TRAM;11684;INV2021-2022;L;05:07;16:37;17;2;0;0
352;BUS;5748;INV2021-2022;L;05:50;21:10;61;11;5;0
902;BUS;6294;INV2021-2022;F;07:30;20:50;12;2;1;0
130;BUS;12177;INV2021-2022;L;06:05;19:57;45;8;5;0
152;BUS;11425;INV2021-2022;F;01:10;02:01;11;0;0;0
566;BUS;12394;INV2021-2022;L;05:30;20:30;18;4;1;0
53;BUS;9629;INV2021-2022;S;17:09;01:07;30;0;0;6
130;BUS;12178;INV2021-2022;S;17:10;20:22;5;0;0;0
